,传染病和事件信息报告系统,全国动物疫情风险监测预警系统,农作物病虫疫情监测预警系统,海关卫生检疫系统,重大林草植物疫情及外来入侵物种监测预警系统,陆生野生动物疫源疫病监测预警系统,病原智能监测预警系统（知识）,病原智能监测预警系统（数据）,生物舆情监测平台
新冠,,,,新型冠状病毒肺炎、新型冠状病毒肺炎(未分型),,,新型冠状病毒、冠状病毒SARS-CoV-2（2019-nCoV）型,"2019新型冠状病毒、新型冠状病毒、新型冠状病毒 BA.5.2、新型冠状病毒BA.5.1(别名:B.1.1.529.5.1,Omicron)、新型冠状病毒BF.7(别名:BA.5.2.1.7,Omicron)、新型冠状病毒BA.5.2(别名:B.1.1.529.5.2,Omicron)、新型冠状病毒(BA.5.2)、新型冠状病毒(BF.7)、新型冠状病毒(CP.5)、新型冠状病毒(XBB.1)、新型冠状病毒(CH.1.1)、新型冠状病毒(BN.1.2)、新型冠状病毒(XBB.1.9)、新型冠状病毒(XBB.1.5)、新型冠状病毒(XBB.1.16)、新型冠状病毒(XBB.1.16.1)、新型冠状病毒(XBB.2.3)、新型冠状病毒(XBB.1.9.2)、新型冠状病毒(XBB.1.22)、新型冠状病毒(EU.1.1)、新型冠状病毒(XBB.1.9.1)、新型冠状病毒(HK.3)、新型冠状病毒(EG.5)、新型冠状病毒(EG.5.1)、新型冠状病毒(BF.7.14)、新型冠状病毒(HK.3.1)、新型冠状病毒BF.7(别名：BA.5.2.1.7,Omicron)、新型冠状病毒BA.5.2 (别名:B.1.1.529.5.2,Omicron)、新型冠状病毒 BA.5.2(别名:B.1.1.529.5.2,Omicron)、新型冠状病毒 BF.7(别名:BA.5.2.1.7,Omicron)、新型冠状病毒 BA.5.2(别名:B.1.1.529.5.2,Omicron)、新型冠状病毒BA.5.2(别名:B.1.1.529.5.2,Omicron)、新型冠状病毒 BF.7(别名:BA.5.2.1.7,Omicron)、新型冠状病毒BA.5.2(别名:B.1.1.529.5.2,Omicron)、新型冠状病毒 (BA.5.2)、新型冠状病毒(BN.1.3)、新型冠状病毒(XBB.2)、新型冠状病毒(XBB.1.5.15)、新型冠状病毒(DY.2)、新型冠状病毒毒(XBB.1.9)、新型冠状病毒(FE.1)、新型冠状病毒(XBB.1.22.1)、新型冠状病毒(EG.5.1.1)、新型冠状病毒(FL.1.5)、新型冠状病毒(BF.7.1)、新型冠状病毒(GY.1)、新型冠状病毒(FY.3.1)、新型冠状病毒(BN.1.2.3)、新型冠状病毒(DY.1)、新型冠状病毒 (XBB.1.5.24)、新型冠状病毒 (XBB.1.22.1)、新型冠状病毒 (BN.1.2.3)、新型冠状病毒 (XBB.1.9.1)、新型冠状病毒 (XBB.1.9.2)、新型冠状病毒 (BF.7)、新型冠状病毒(BA.5.1)、新型冠状病毒 (DY.2)、新型冠状病毒(FY.3)、新型冠状病毒(XBB.1.5.27)、新型冠状病毒(FL.13)、新型冠状病毒(EG.1)、新型冠状病毒(XBB.2.3.2)、新型冠状病毒(XBB)、新型冠状病毒 (XBB.1.5.15)、新型冠状病毒 (EG.1)、新型冠状病毒 (XBB)、新型冠状病毒 (XBB.1.16)、新型冠状病毒 (XBB.1.5)、新型冠状病毒 (XBB.1.24)、新型冠状病毒 (DY.3)、新型冠状病毒 (XBB.1)、新型冠状病毒(BA.5.2.1)、新型冠状病毒(DZ.1)、新型冠状病毒(FL.2.3)、新型冠状病毒(BA.5.2.48)、新型冠状病毒(XBB.1.5.24)、新型冠状病毒(XBB.1.19.1)、新型冠状病毒(XBB.1.9.5)、新型冠状病毒 (XBB.1.16.1)、新型冠状病毒 (BA.5.2.1)、新型冠状病毒(Omiron:BA.5.2)、新型冠状病毒（2019-nCoV）、新型冠状病毒(Omicron:BA.5.2)、新型冠状病毒(Omicron:BA.5.2.6)、新型冠状病毒(Omicron:BF.7)、新型冠状病毒(Omicron:BA.5.2.31)、新型冠状病毒(Omicron:BA.5.1)、新型冠状病毒(Omicron:BQ.1.22)、新型冠状病毒(Omicron:BN.1.2)、新型冠状病毒(Omicron:XBB.1.5)、新型冠状病毒(Omicron:XBB.1)、新型冠状病毒(Omicron:BN.1.3)、新型冠状病毒(Omicron:B.1.1.529)、新型冠状病毒(Omicron:XBB.2)、新型冠状病毒(Omicron:HK.3)、新型冠状病毒(Omicron:BF.7.14.4)、新型冠状病毒(Omicron:EG.5.1.1|EG.5.1.1)、新型冠状病毒(Omicron:FL.1.5.1)、新型冠状病毒(Omicron:HK.2)、新型冠状病毒(Omicron:XBB.1.16)、新型冠状病毒(Omicron:EG.5.1|EG.5.1)、新型冠状病毒(Omicron:BA.2.86)、新型冠状病毒(Omicron:JN.1)、新型冠状病毒(Omicron:BA.2.75.4)、新型冠状病毒(Omicron:HK.1)",新型冠状病毒（COVID-19）
登革热,,,,登革热-DEN 1、登革热-DEN 2、登革热(未分型)、登革热、登革热-DEN 3、登革热-DEN 4,,,登革热病毒,登革热病毒,登革病毒
霍乱,yes,,,霍乱-O139群霍乱弧菌、霍乱-霍乱弧菌感染性腹泻、霍乱、霍乱 NOS、霍乱(未分型)、霍乱-O1群霍乱弧菌,,,,,霍乱弧菌
猴痘,,,,猴痘、猴痘(未分型),,,猴痘病毒,猴痘病毒,猴痘病毒
炭疽,,,,皮肤炭疽、炭疽（未分型）、炭疽、肺炭疽、类炭疽肺炎,,,炭疽芽胞杆菌,炭疽芽胞杆菌,炭疽芽孢杆菌
鼠疫,yes,,,鼠疫、鼠疫(未分型),,,,,鼠疫杆菌
人感染高致病性禽流感,yes,,,流行性感冒-人感染高致病性禽流感、人感染禽流感-H5N1,,,,,禽流感病毒
人感染H7N9禽流感,,,,人感染禽流感-H7N9,,,,,
传染性非典型肺炎,,,,传染性非典型肺炎、传染性非典型肺炎(未分型),,,,肺炎支原体、肺炎衣原体,非典型肺炎冠状病毒（SARS）、严重急性呼吸综合征冠状病毒
禽副黏病毒4型、禽白血病病毒K型、产气荚膜梭菌和肿头吸虫,,,,,,yes,,,
高致病性禽流感,,yes,,,,yes,,,
猪圆环病毒2型、产气荚膜梭菌、沙门氏菌和猪肺支原体混合感染,,,,,,yes,,,
非洲猪瘟,,非洲猪瘟,,,,yes,,,
葡萄球菌病,,,,葡萄球菌感染、葡萄球菌感染(未分型),,yes,,,表皮葡萄球菌
小反刍兽疫,,小反刍兽疫,,,,yes,,,
口蹄疫,,yes,,口蹄疫[口疮热](未分型)、口蹄疫[口疮热],,,,,
红火蚁,,,yes,,,,,,
稻飞虱,,,yes,,,,,,
马铃薯甲虫,,,yes,,,,,,
赤霉病,,,yes,,,,,,
艾滋,,,,HIV、HIV(未分型),,,,,HIV病毒
疟疾,,,,疟疾、疟疾（未分型）,,,,,疟原虫
天花,,,,天花、天花(未分型),,,,,天花病毒
寨卡热,,,,寨卡、寨卡(未分型),,,,,寨卡病毒
尼帕病毒,,,,尼帕病毒、尼帕病毒(未分型),,,,,尼帕病毒
风疹,,,,风疹、风疹(未分型),,,,风疹病毒、人原发性风疹病毒4,风疹病毒
麻疹,,,,麻疹、麻疹(未分型),,,,麻疹病毒,麻疹病毒
狂犬,,,,狂犬病[恐水症] NOS(未分型)、狂犬病(未分型)、假狂犬病[奥斯勒结节]、假狂犬病[奥斯勒结节](未分型)、狂犬病,,,,狂犬病毒,狂犬病毒
诺如,,,,感染性腹泻 诺如病毒、感染性腹泻 诺如病毒(未分型),,,,,诺如病毒
轮状,,,,轮状病毒胃肠炎、轮状病毒感染、旋转(轮状)病毒肠炎、旋转(轮状)病毒肠炎(未分型),,,,轮状病毒A型,轮状病毒
梅毒,,,,梅毒 NOS、Ⅰ期梅毒、胎传梅毒、隐性梅毒、III期梅毒、梅毒、Ⅱ期梅毒,,,,梅毒密螺旋体,梅毒螺旋体
淋病,,,,,,,,,淋病奈瑟菌
伤寒,,,,伤寒、副伤寒、伤寒和副伤寒,,,,,伤寒沙门氏菌
猩红热,,,,猩红热、猩红热(未分型),,,,,猩红热链球菌
中东呼吸综合症,,,,中东呼吸综合征、中东呼吸综合征(未分型),,,,,中东呼吸综合征冠状病毒
麻风,,,,麻风、麻风(未分型),,,,麻风分枝杆菌,麻风分枝杆菌
百日咳,,,,百日咳、百日咳(未分型),,,,百日咳鲍特菌、副百日咳鲍特菌、百日咳鲍特氏菌,百日咳鲍特菌
结核病,,,,呼吸结核病 NOS，经细菌学和组织学所证实(未分型)、结核病，未提及细菌学或组织学的证实 NOS(未分型)、神经系统结核病 NOS、多系统结核、多发性结核病、空洞型肺结核，未提及细菌学或组织学的证实、肺结核病，经未特指的方法所证实、呼吸结核病 NOS，经细菌学和组织学所证实、结核病，未提及细菌学或组织学的证实 NOS、呼吸道结核病，未提及细菌学或组织学的证实、肺结核，显微镜检证实、呼吸道结核病，未提及细菌学或组织学的证实(未分型)、结核病、肺结核,,,,结核分岐杆菌、结核分枝杆菌复合群,结核分枝杆菌
脑膜炎,,,,脑膜炎球菌病 NOS、肠病毒性脑膜炎(未分型)、浆液性脑膜炎(未分型)、柯萨奇病毒性脑膜炎(基底)(大脑)(脊髓)(未分型)、腺病毒性脑膜炎(未分型)、肠病毒性脑膜炎、淋巴细胞脉络膜性脑膜炎(未分型)、淋巴细胞性浆液性脑膜炎(未分型)、其他病毒性脑膜炎(未分型)、病毒性脑膜炎[施奈德氏综合征] NOS(未分型)、脑膜炎球菌病 NOS(未分型)、柯萨奇病毒性脑膜炎(基底)(大脑)(脊髓)、腺病毒性脑膜炎、淋巴细胞脉络膜性脑膜炎、浆液性脑膜炎、淋巴细胞性浆液性脑膜炎、其他病毒性脑膜炎、病毒性脑膜炎[施奈德氏综合征] NOS,,,,脑膜炎奈瑟菌、脑膜炎奈瑟球菌、脑膜炎败血伊丽莎白菌,脑膜炎奈瑟菌
腮腺炎,,,,流行性腮腺炎、流行性腮腺炎(未分型),,,,人腮腺炎病毒4,腮腺炎病毒
手足口病,,,,手足口病、手足口病(未分型),,,,,手足口病病毒
西尼罗热,,,,西尼罗热、西尼罗热(未分型),,,,,西尼罗病毒
马尔堡出血热,,,,马尔堡病毒病、马尔堡病毒病(未分型),,,,,马尔堡病毒
埃博拉,,,,埃博拉病毒病、埃博拉病毒病(未分型),,,,,埃博拉病毒
亨德拉,,,,,,,,,亨德拉病毒
甲肝,,,,甲肝,,,,甲型肝炎病毒,甲型肝炎病毒、肝炎病毒
乙肝,,,,乙肝,,,,乙型肝炎病毒,乙型肝炎病毒、肝炎病毒
丙肝,,,,丙肝,,,,丙型肝炎病毒基因型6型、丙型肝炎病毒基因型1型、丙型肝炎病毒,
戊肝,,,,戊肝,,,,戊型肝炎病毒,戊型肝炎病毒、肝炎病毒
庚肝,,,,,,,,庚型肝炎病毒,
感染性腹泻,,,,感染性腹泻、感染性腹泻(未分型)、其它感染性腹泻病、其它感染性腹泻病(未分型),,,,,感染性腹泻病原体
拉克罗斯脑炎,,,,拉克罗斯脑炎、拉克罗斯脑炎(未分型),,,,,拉克罗斯病毒
黄热病,,,,黄热病 NOS、黄热病 NOS(未分型),,,,,黄热病毒、黄病毒属
肠道病毒感染,,,,肠道病毒感染、肠道病毒感染(未分型),,,,肠道病毒A、肠道病毒A型、肠道病毒C、肠道病毒D型、肠道病毒C型(Coxsackievirus A24 (CV-A24))、肠道病毒D型(enterovirus D68 (EV-D68))、肠道病毒A型(Coxsackievirus A6 (CV-A6))、肠道病毒A型(Coxsackievirus A4 (CV-A4)),肠道病毒属
肺炎衣原体感染,,,,肺炎衣原体感染、肺炎衣原体感染(未分型),,,,,肺炎衣原体
肺炎链球菌感染,,,,肺炎球菌感染、肺炎球菌感染(未分型),,,,肺炎链球菌,肺炎链球菌
腺病毒感染,,,,腺病毒感染、腺病毒感染(未分型),,,,人类哺乳动物腺病毒B组、人类哺乳动物腺病毒C组、人腺病毒C亚型、人腺病毒B亚型、人腺病毒D型、人腺病毒41型、人类腺病毒5型、人类腺病毒1型、人类腺病毒2型、人类腺病毒3型、人哺乳动物腺病毒C、人哺乳动物腺病毒B、人哺乳动物腺病毒D、人腺病毒C型、人腺病毒B型、人腺病毒B型(Human adenovirus B3)、人腺病毒B型(Human adenovirus 21a),腺病毒
肺炎支原体感染,,,,肺炎支原体感染、肺炎支原体感染(未分型),,,,,肺炎支原体
克雷白氏肺炎杆菌感染,,,,克雷白氏肺炎杆菌感染、克雷白氏肺炎杆菌感染(未分型)、弗里德兰德氏杆菌感染(肺炎杆菌)、弗里德兰德氏杆菌感染(肺炎杆菌)(未分型),,,,肺炎克雷伯菌,肺炎病原体
军团病,,,,军团病、军团菌病、军团肺炎,,,,嗜肺军团菌,肺炎病原体
小儿麻痹症,,,,脊髓灰质炎、脊髓灰质炎(未分型),,,,,脊髓灰质炎病毒
呼吸道合胞病毒感染,,,,呼吸道合胞病毒感染、呼吸道合胞病毒感染(未分型),,,,人呼吸道合胞病毒A型、人呼吸道合胞病毒B型、呼吸道合胞病毒、人呼吸道合胞病毒(HRSV)、人呼吸道合胞病毒（HRSV）、人呼吸道合胞病毒（HRSV）(Human respiratory syncytial virus A),呼吸道合胞病毒
金黄色葡萄球菌感染,,,,金黄色葡萄球菌感染、金黄色葡萄球菌感染(未分型),,,,金黄色葡萄球菌,金黄色葡萄球菌
鼻病毒感染,,,,鼻病毒感染、鼻病毒感染(未分型),,,,鼻病毒C型、人鼻病毒B92型、人鼻病毒A25型、人鼻病毒A78型、鼻病毒B型、人鼻病毒A22型、人鼻病毒A53型、鼻病毒A型、人鼻病毒A24型、人鼻病毒A81型、人鼻病毒C3型、人鼻病毒A9型、人鼻病毒C1型、鼻病毒A亚型、鼻病毒B亚型、鼻病毒C亚型、鼻病毒A、鼻病毒C、鼻病毒B、人类鼻病毒A型、鼻病毒C型(rhinovirus C11)、鼻病毒B型(rhinovirus B27)、鼻病毒C型(Rhinovirus C)、鼻病毒A型(Rhinovirus A)、鼻病毒A型(rhinovirus A7)、鼻病毒C型(rhinovirus C50)、鼻病毒A型(rhinovirus A71 (HRV-A71))、鼻病毒A型(Rhinovirus A (human skin metagenome))、鼻病毒A型(rhinovirus A53)、鼻病毒A型(rhinovirus A77)、鼻病毒A型(rhinovirus A31)、鼻病毒A型(rhinovirus A18 (HRV-A18))、鼻病毒A型(rhinovirus A100),鼻病毒
流感,,,,流行性感冒-猪流感、流行性感冒-新亚型流感,,,,流感嗜血杆菌、甲型流感病毒H3N2、甲型流感病毒、甲型流感病毒H1N1、人呼吸道病毒3型（人副流感病毒3型）、乙型流感病毒、人腮腺炎病毒4型（人副流感病毒4型）、人呼吸道病毒1型（人副流感病毒1型）、人副流感病毒4b型、人副流感病毒4a型、人副流感病毒3型、人副流感病毒4型、人副流感病毒1型、甲型流感病毒(H3N2)、副流感嗜血杆菌、甲型流感病毒(H1N1)、人副流感病毒2型、甲型流感病毒(Influenza A virus (A/New York/392/2004(H3N2)))、甲型流感病毒(Influenza A virus (A/California/07/2009(H1N1)))、甲型流感病毒(Influenza A virus H1N1)、甲型流感病毒(Influenza A virus H3N2)、甲型流感病毒(Influenza A virus H2N2)、人腮腺炎病毒2型（人副流感病毒2型）,流感病毒
人乳头瘤病毒感染,,,,,,,,人乳头瘤病毒144型、人乳头瘤病毒17型、γ乳头瘤病毒15型、β乳头瘤病毒2型、人乳头瘤病毒18型、β乳头瘤病毒1型、人乳头瘤病毒16型、人乳头瘤病毒28型、人乳头瘤病毒146型、人乳头瘤病毒124型、乳头瘤病毒1型、γ乳头瘤病毒9型、人乳头瘤病毒100型、乳头瘤病毒15型、人乳头瘤病毒3型、人乳头瘤病毒、γ-乳头瘤病毒19型、人乳头瘤病毒9型、人乳头瘤病毒38型、甲型乳头瘤病毒3型、γ乳头瘤病毒27型、甲型乳头瘤病毒9型、甲型乳头瘤病毒2型、γ乳头瘤病毒12型,人乳头瘤病毒
冠状病毒感染,,,,人类冠状病毒HKU1、人日冕病毒感染[冠状病毒](未分型)、人类冠状病毒HKU1(未分型)、人日冕病毒感染[冠状病毒],,,,人冠状病毒229E、人冠状病毒OC43、人冠状病毒HKU1、人冠状病毒OC43型、人冠状病毒229E型、人冠状病毒HKU1型、人类冠状病毒OC43、人类冠状病毒229E、β冠状病毒1型、冠状病毒SARS-CoV-2（2019-nCoV）型、人类冠状病毒229E型、人类冠状病毒HKU1、Beta冠状病毒1型,冠状病毒
链球菌感染(未分型),,,,yes,,,,,
流感嗜血杆菌感染(H.流感杆菌)(未分型),,,,yes,,,,,
变形杆菌感染(未分型),,,,yes,,,,,
假单胞菌感染(未分型),,,,yes,,,,,
克雷白氏杆菌感染(未分型),,,,yes,,,,,
雷极氏普鲁菲登氏菌感染(未分型),,,,yes,,,,,
螺旋杆菌感染(未分型),,,,yes,,,,,
其他特指的细菌感染(未分型),,,,yes,,,,,
沙雷氏菌感染(未分型),,,,yes,,,,,
细菌性感染(未分型),,,,yes,,,,,
革兰氏阴性杆菌感染(未分型),,,,yes,,,,,
气球菌感染(未分型),,,,yes,,,,,
肛门生殖器疱疹,,,,yes,,,,,
尖锐湿疣,,,,yes,,,,,
性病(未分型),,,,yes,,,,,
回归热 NOS(未分型),,,,yes,,,,,
复发性斑疹伤寒[回归热](未分型),,,,yes,,,,,
莱姆病(未分型),,,,yes,,,,,
鹦鹉热(未分型),,,,yes,,,,,
鸟疫(未分型),,,,yes,,,,,
蜱媒介的斑疹伤寒 NOS(未分型),,,,yes,,,,,
立克次氏体病 NOS(未分型),,,,yes,,,,,
立克次体感染 NOS(未分型),,,,yes,,,,,
裂谷热,,,,yes,,,,,
幼儿急疹[婴儿玫瑰疹；第六病；猝发疹](未分型),,,,yes,,,,,
传染性红斑[第五病](未分型),,,,yes,,,,,
肠病毒性水疱性咽炎，伴有疹病(未分型),,,,yes,,,,,
肠病毒性水疱性咽炎(未分型),,,,yes,,,,,
阿弗他咽峡炎(未分型),,,,yes,,,,,
阿萨奇病毒性咽炎(未分型),,,,yes,,,,,
流行性粟疹热(未分型),,,,yes,,,,,
第四病[杜克疹热病](未分型),,,,yes,,,,,
病毒性皮疹(未分型),,,,yes,,,,,
病毒性粘膜疹(未分型),,,,yes,,,,,
传染性单核细胞增多症 NOS(未分型),,,,yes,,,,,
流行性多关节炎和疹病(未分型),,,,yes,,,,,
柯萨奇(病毒性)心包炎(未分型),,,,yes,,,,,
ＥＢ病毒感染(未分型),,,,yes,,,,,
精神病(未分型),,,,yes,,,,,
出血性肠炎 O157：H7,,,,yes,,,,,
流行性胃肠炎[斯潘塞病](未分型),,,,yes,,,,,
腺病毒肠炎,,,,yes,,,,,
病毒性肠炎(未分型),,,,yes,,,,,
病毒性胃肠炎(未分型),,,,yes,,,,,
病毒性胃肠病(未分型),,,,yes,,,,,
阿米巴性痢疾(未分型),,,,yes,,,,,
其他特指的蚊媒介的病毒性发热,,,,yes,,,,,
蚊媒介的病毒性发热 NOS,,,,yes,,,,,
虫媒病毒感染,,,,yes,,,,,
虫媒介病毒性发热,,,,yes,,,,,
朱宁出血热,,,,yes,,,,,
玻利维亚出血热,,,,yes,,,,,
拉沙热,,,,yes,,,,,
其他沙粒病毒性出血热,,,,yes,,,,,
中亚出血热,,,,yes,,,,,
鄂木斯克出血热,,,,yes,,,,,
夸赛纳森林病,,,,yes,,,,,
流行性肾病,,,,yes,,,,,
水痘[羊痘] NOS,,,,yes,,,,,
扁平疣,,,,yes,,,,,
寻常疣,,,,yes,,,,,
疣,,,,yes,,,,,
指状疣,,,,yes,,,,,
副牛痘,,,,yes,,,,,
牛痘,,,,yes,,,,,
触染性脓疱性皮炎,,,,yes,,,,,
触染性软疣[贝特曼氏病],,,,yes,,,,,
幼儿急疹[婴儿玫瑰疹；第六病；猝发疹],,,,yes,,,,,
传染性红斑[第五病],,,,yes,,,,,
兔热病(未分型),,,,yes,,,,,
土拉菌热(未分型),,,,yes,,,,,
地中海热(未分型),,,,yes,,,,,
马耳他布鲁氏菌病,,,,yes,,,,,
塞普路斯波状热,,,,yes,,,,,
猪布鲁氏菌病,,,,yes,,,,,
犬布鲁氏菌病,,,,yes,,,,,
马耳他热,,,,yes,,,,,
鼻疽,,,,yes,,,,,
急性和暴发性类鼻疽,,,,yes,,,,,
慢性类鼻疽,,,,yes,,,,,
亚急性类鼻疽,,,,yes,,,,,
链杆菌病(未分型),,,,yes,,,,,
链杆菌性鼠咬热(未分型),,,,yes,,,,,
新生儿破伤风(未分型),,,,yes,,,,,
流行性感冒(未分型),,,,yes,,,,,
白岭热[三日热](未分型),,,,yes,,,,,
科罗拉多蜱热(未分型),,,,yes,,,,,
皮里病毒病(未分型),,,,yes,,,,,
大肠杆菌O103,,,,yes,,,,,
柯萨奇病毒性心内膜炎(未分型),,,,yes,,,,,
吸虫病(未分型),,,,yes,,,,,
细粒棘球绦虫感染 NOS,,,,yes,,,,,
细菌性痢疾,,,,yes,,,,,
组织胞浆菌病 NOS,,,,yes,,,,,
食物中毒 NOS,,,,yes,,,,,
胃肠型食物中毒,,,,yes,,,,,
香肠(腊肠)食物中毒,,,,yes,,,,,
钩端螺旋体病,,,,yes,,,,,
感染(未分型),,,,yes,,,,,
感染性发热(未分型),,,,yes,,,,,
感染后脑积水(未分型),,,,yes,,,,,
淋球菌感染,,,,yes,,,,,
流行性和地方性斑疹伤寒(未分型),,,,yes,,,,,
包虫病(未分型),,,,yes,,,,,
急性出血性结膜炎(未分型),,,,yes,,,,,
肝包虫病,,,,yes,,,,,
肺包虫病[肺棘球蚴病],,,,yes,,,,,
绦虫病 NOS(未分型),,,,yes,,,,,
囊尾蚴病[囊虫病] NOS(未分型),,,,yes,,,,,
柯萨奇(病毒性)心肌炎(未分型),,,,yes,,,,,
病毒性心炎(未分型),,,,yes,,,,,
昏睡病 NOS,,,,yes,,,,,
弓形体病 NOS,,,,yes,,,,,
肺囊虫病,,,,yes,,,,,
卡氏肺囊虫性肺炎,,,,yes,,,,,
肺囊虫性肺炎,,,,yes,,,,,
巴贝虫病,,,,yes,,,,,
纳格勒阿米巴病脑炎,,,,yes,,,,,
纳归虫病性脑炎、脊髓炎或脑脊髓炎,,,,yes,,,,,
鼠咬热 NOS,,,,yes,,,,,
类丹毒 NOS,,,,yes,,,,,
动物传染的细菌性疾病 NOS,,,,yes,,,,,
非典型性分枝杆菌感染 NOS,,,,yes,,,,,
李斯特菌病[李司忒氏菌病] NOS,,,,yes,,,,,
破伤风 NOS,,,,yes,,,,,
链球菌性败血症 NOS,,,,yes,,,,,
败血症 NOS,,,,yes,,,,,
放线菌病 NOS,,,,yes,,,,,
诺卡氏[放线]菌病 NOS,,,,yes,,,,,
巴尔通体病 NOS,,,,yes,,,,,
丹毒,,,,yes,,,,,
逆病毒感染(未分型),,,,yes,,,,,
传染性淋巴细胞增多症(未分型),,,,yes,,,,,
急性传染性淋巴细胞增多症(未分型),,,,yes,,,,,
塔希纳热(未分型),,,,yes,,,,,
埃可病毒感染(未分型),,,,yes,,,,,
柯萨奇病毒感染(未分型),,,,yes,,,,,
脊髓灰质炎(未分型),,,,yes,,,,,
肠病毒性水疱性咽炎，伴有疹病,,,,yes,,,,,
水疱性咽炎,,,,yes,,,,,
肠病毒性水疱性咽炎,,,,yes,,,,,
阿弗他咽峡炎,,,,yes,,,,,
阿弗他咽炎,,,,yes,,,,,
阿萨奇病毒性咽炎,,,,yes,,,,,
流行性粟疹热,,,,yes,,,,,
阿弗地热,,,,yes,,,,,
第四病[杜克疹热病],,,,yes,,,,,
病毒性皮疹,,,,yes,,,,,
病毒性粘膜疹,,,,yes,,,,,
巨细胞包涵体病,,,,yes,,,,,
传染性单核细胞增多症 NOS,,,,yes,,,,,
流行性多关节炎和疹病,,,,yes,,,,,
新生儿无菌性心肌炎,,,,yes,,,,,
柯萨奇(病毒性)心包炎,,,,yes,,,,,
精神病,,,,yes,,,,,
白岭热[三日热],,,,yes,,,,,
科罗拉多蜱热,,,,yes,,,,,
皮里病毒病,,,,yes,,,,,
疱疹性口炎病毒病[印地安纳热],,,,yes,,,,,
柯萨奇病毒性心内膜炎,,,,yes,,,,,
柯萨奇(病毒性)心肌炎,,,,yes,,,,,
病毒性心炎,,,,yes,,,,,
细菌性肠炎 NOS,,,,yes,,,,,
肉毒中毒,,,,yes,,,,,
肉毒梭状芽胞杆菌性食物中毒,,,,yes,,,,,
坏死性肠炎,,,,yes,,,,,
河盲病(未分型),,,,yes,,,,,
小孢子菌病(未分型),,,,yes,,,,,
盘尾丝虫病(未分型),,,,yes,,,,,
类圆线虫病 NOS(未分型),,,,yes,,,,,
肠蠕虫病 NOS(未分型),,,,yes,,,,,
蝇蛆病 NOS(未分型),,,,yes,,,,,
链球菌作为分类于其他章疾病的原因 NOS(未分型),,,,yes,,,,,
急性脑膜脑炎(未分型),,,,yes,,,,,
沙粒病毒性出血热 NOS(未分型),,,,yes,,,,,
病毒性出血热 NOS(未分型),,,,yes,,,,,
带状疱疹 NOS,,,,yes,,,,,
病毒性疣(未分型),,,,yes,,,,,
外耳道疣(未分型),,,,yes,,,,,
传染性软疣(未分型),,,,yes,,,,,
疱疹性咽峡炎(未分型),,,,yes,,,,,
急性淋巴结节性咽炎(未分型),,,,yes,,,,,
肠病毒性淋巴结咽炎(未分型),,,,yes,,,,,
罗斯河热(未分型),,,,yes,,,,,
奥罗普什热(未分型),,,,yes,,,,,
其他特指的细菌感染,,,,yes,,,,,
链球菌感染,,,,yes,,,,,
链球菌感染综合症,,,,yes,,,,,
流感嗜血杆菌感染(H.流感杆菌),,,,yes,,,,,
旋盘尾丝虫感染(未分型),,,,yes,,,,,
旋毛虫病(未分型),,,,yes,,,,,
蛔虫病 NOS(未分型),,,,yes,,,,,
马亚罗热(未分型),,,,yes,,,,,
鞭虫病(未分型),,,,yes,,,,,
混合型蠕虫病 NOS(未分型),,,,yes,,,,,
肠道寄生虫病 NOS(未分型),,,,yes,,,,,
虱病 NOS(未分型),,,,yes,,,,,
疥疮(未分型),,,,yes,,,,,
螨病 NOS(未分型),,,,yes,,,,,
传染病或寄生虫病后遗症 NOS(未分型),,,,yes,,,,,
葡萄球菌作为分类于其他章疾病的原因 NOS(未分型),,,,yes,,,,,
小袋虫病,,,,yes,,,,,
贾第虫病(肠贾第虫)[兰伯鞭毛虫病],,,,yes,,,,,
肠梨形鞭毛虫病[蓝氏贾第鞭毛虫病],,,,yes,,,,,
隐孢子虫病,,,,yes,,,,,
等孢子球虫病(球虫病),,,,yes,,,,,
肠道球虫病,,,,yes,,,,,
肠道滴虫病,,,,yes,,,,,
肉孢子虫病,,,,yes,,,,,
肠道毛滴虫病,,,,yes,,,,,
鞭毛虫性腹泻,,,,yes,,,,,
原生动物性结肠炎,,,,yes,,,,,
原生动物性痢疾,,,,yes,,,,,
原生动物性腹泻,,,,yes,,,,,
产气夹膜梭状芽胞杆菌[韦尔希梭状芽胞杆菌]性食物中毒,,,,yes,,,,,
变形杆菌感染,,,,yes,,,,,
假单胞菌感染,,,,yes,,,,,
克雷白氏杆菌感染,,,,yes,,,,,
雷极氏普鲁菲登氏菌感染,,,,yes,,,,,
绿脓杆菌感染,,,,yes,,,,,
螺旋杆菌感染,,,,yes,,,,,
沙雷氏菌感染,,,,yes,,,,,
幽门螺旋杆菌感染,,,,yes,,,,,
细菌性感染,,,,yes,,,,,
革兰氏阴性杆菌感染,,,,yes,,,,,
间日疟,,,,yes,,,,,
恶性疟,,,,yes,,,,,
涂(+),,,,yes,,,,,
菌(-),,,,yes,,,,,
未痰检,,,,yes,,,,,
仅培养,,,,yes,,,,,
黑热病,,,,yes,,,,,
Ｂ群沙门氏菌肠炎,,,,yes,,,,,
Ｃ群沙门氏菌肠炎,,,,yes,,,,,
其它蜱媒介的出血热(未分型),,,,yes,,,,,
新生儿流行性心肌炎[柯萨奇病毒性](未分型),,,,yes,,,,,
其他志贺菌痢疾,,,,yes,,,,,
葡萄球菌性食物中毒(未分型),,,,yes,,,,,
猪腹病(未分型),,,,yes,,,,,
白喉(未分型),,,,yes,,,,,
流行性脑脊髓膜炎(未分型),,,,yes,,,,,
副溶血弧菌性食物中毒,,,,yes,,,,,
蜡样芽胞杆菌性食物中毒,,,,yes,,,,,
嗜盐杆菌性食物中毒,,,,yes,,,,,
流行性乙型脑炎,,,,yes,,,,,
性病,,,,yes,,,,,
疱疹病毒感染,,,,yes,,,,,
流行性脑脊髓膜炎,,,,yes,,,,,
诺瓦克病毒肠炎,,,,yes,,,,,
流行性病毒性诺瓦克型胃肠病,,,,yes,,,,,
流行性关节红斑[哈弗山],,,,yes,,,,,
蝇疫霉病,,,,yes,,,,,
放线菌瘤,,,,yes,,,,,
查加斯病[美洲锥虫病]伴有累及其他器官,,,,yes,,,,,
原发性阿米巴性脑膜脑炎,,,,yes,,,,,
钩端螺旋体病 NOS,,,,yes,,,,,
菌血症 NOS,,,,yes,,,,,
大肠杆菌性食物中毒(未分型),,,,yes,,,,,
流行性感冒,,,,yes,,,,,
人感染禽流感,,,,yes,,,,,
肠病毒性发疹热(波士顿疹病)(未分型),,,,yes,,,,,
基孔肯雅热(未分型),,,,yes,,,,,
虫媒病毒感染(未分型),,,,yes,,,,,
玻利维亚出血热(未分型),,,,yes,,,,,
鄂木斯克出血热(未分型),,,,yes,,,,,
流行性肾病(未分型),,,,yes,,,,,
疱疹 NOS,,,,yes,,,,,
扁平疣(未分型),,,,yes,,,,,
副牛痘(未分型),,,,yes,,,,,
触染性软疣[贝特曼氏病](未分型),,,,yes,,,,,
水疱性咽炎(未分型),,,,yes,,,,,
阿弗他咽炎(未分型),,,,yes,,,,,
阿弗地热(未分型),,,,yes,,,,,
巨细胞包涵体病(未分型),,,,yes,,,,,
沙门氏菌属食物中毒,,,,yes,,,,,
什密氏志贺菌痢疾,,,,yes,,,,,
志贺-克鲁泽痢疾[A亚群志贺菌病],,,,yes,,,,,
施米茨(－施蒂策)痢疾,,,,yes,,,,,
弗氏志贺菌痢疾,,,,yes,,,,,
希斯－罗素细菌性痢疾,,,,yes,,,,,
鲍氏志贺菌痢疾,,,,yes,,,,,
钩端螺旋体病(未分型),,,,yes,,,,,
泌尿生殖道衣原体感染,,,,yes,,,,,
雅司病 NOS,,,,yes,,,,,
走马疳[口颊坏疽、走马牙疳],,,,yes,,,,,
丙型脑炎(未分型),,,,yes,,,,,
昆金病毒病(未分型),,,,yes,,,,,
若西欧病毒病(未分型),,,,yes,,,,,
其他蚊媒介的病毒性脑炎(未分型),,,,yes,,,,,
蚊媒介的病毒性脑炎 NOS(未分型),,,,yes,,,,,
森林脑炎[蜱传脑炎](未分型),,,,yes,,,,,
中部欧洲蜱媒介脑炎(未分型),,,,yes,,,,,
波瓦桑病毒病(未分型),,,,yes,,,,,
羊跳跃病(未分型),,,,yes,,,,,
蜱媒介的病毒性脑炎 NOS(未分型),,,,yes,,,,,
肠病毒脑炎、脊髓炎或脑脊髓炎(未分型),,,,yes,,,,,
腺病毒脑炎、脊髓炎或脑脊髓炎,,,,yes,,,,,
节肢动物媒介的病毒性脑炎 NOS(未分型),,,,yes,,,,,
流行性脑脊髓炎[克律歇氏病](未分型),,,,yes,,,,,
昏睡性脑炎[埃科若莫氏病](未分型),,,,yes,,,,,
嗜睡性脑炎[流行性甲型脑炎](未分型),,,,yes,,,,,
冯.埃科诺莫-克吕谢病(未分型),,,,yes,,,,,
病毒性脑膜脑炎(未分型),,,,yes,,,,,
病毒性脑炎(未分型),,,,yes,,,,,
宋内氏志贺菌痢疾,,,,yes,,,,,
菌痢混合感染,,,,yes,,,,,
细菌性痢疾 NOS,,,,yes,,,,,
细菌性肠炎 NOS(未分型),,,,yes,,,,,
鼠伤寒沙门氏菌感染,,,,yes,,,,,
肉毒中毒(未分型),,,,yes,,,,,
肉毒梭状芽胞杆菌性食物中毒(未分型),,,,yes,,,,,
坏死性肠炎(未分型),,,,yes,,,,,
产气夹膜梭状芽胞杆菌[韦尔希梭状芽胞杆菌]性食物中毒(未分型),,,,yes,,,,,
副溶血弧菌性食物中毒(未分型),,,,yes,,,,,
蜡样芽胞杆菌性食物中毒(未分型),,,,yes,,,,,
嗜盐杆菌性食物中毒(未分型),,,,yes,,,,,
流行性乙型脑炎(未分型),,,,yes,,,,,
气球菌感染,,,,yes,,,,,
毛滴虫病 NOS,,,,yes,,,,,
品他病 NOS,,,,yes,,,,,
回归热 NOS,,,,yes,,,,,
复发性斑疹伤寒[回归热],,,,yes,,,,,
新生儿无菌性心肌炎(未分型),,,,yes,,,,,
疱疹性口炎病毒病[印地安纳热](未分型),,,,yes,,,,,
肝炎（未分型）,,,,yes,,,,,
细小的病毒感染 NOS(未分型),,,,yes,,,,,
乳头多瘤空泡病毒感染 NOS(未分型),,,,yes,,,,,
布鲁氏菌(未分型),,,,yes,,,,,
克里米亚-刚国出血热,,,,yes,,,,,
环孢子虫病 ,,,,yes,,,,,
环孢子虫病 (未分型),,,,yes,,,,,
急性脑炎(未分型),,,,yes,,,,,
流行性脑炎(未分型),,,,yes,,,,,
沙眼 NOS,,,,yes,,,,,
寇(Ｑ)热,,,,yes,,,,,
流行性呕吐综合征[布拉德利病],,,,yes,,,,,
流行性胃肠炎[斯潘塞病],,,,yes,,,,,
小圆结构病毒性肠炎,,,,yes,,,,,
病毒性肠炎,,,,yes,,,,,
病毒性胃肠炎,,,,yes,,,,,
病毒性胃肠病,,,,yes,,,,,
兔热病,,,,yes,,,,,
土拉菌热,,,,yes,,,,,
地中海热,,,,yes,,,,,
螺菌病,,,,yes,,,,,
链杆菌病,,,,yes,,,,,
流行性出血热(未分型),,,,yes,,,,,
脊髓灰质炎,,,,yes,,,,,
贾第虫病(肠贾第虫)[兰伯鞭毛虫病](未分型),,,,yes,,,,,
肉孢子虫病(未分型),,,,yes,,,,,
原生动物性痢疾(未分型),,,,yes,,,,,
病毒感染 NOS(未分型),,,,yes,,,,,
癣 NOS(未分型),,,,yes,,,,,
霉菌性皮炎 NOS(未分型),,,,yes,,,,,
表面的霉菌病 NOS(未分型),,,,yes,,,,,
鹅口疮 NOS(未分型),,,,yes,,,,,
球孢子菌病(未分型),,,,yes,,,,,
肺组织胞浆菌病(未分型),,,,yes,,,,,
荚膜组织胞浆菌病 NOS(未分型),,,,yes,,,,,
杜波依西变种组织胞浆菌病(未分型),,,,yes,,,,,
组织胞浆菌病 NOS(未分型),,,,yes,,,,,
肺芽生菌病 NOS(未分型),,,,yes,,,,,
类球孢子菌病 NOS(未分型),,,,yes,,,,,
孢子丝菌病 NOS(未分型),,,,yes,,,,,
着色真菌病 NOS(未分型),,,,yes,,,,,
隐球菌病 NOS(未分型),,,,yes,,,,,
毛霉菌病(藻菌病) NOS(未分型),,,,yes,,,,,
藻菌病(未分型),,,,yes,,,,,
接合菌病 NOS(未分型),,,,yes,,,,,
蜱媒介的斑疹伤寒 NOS,,,,yes,,,,,
立克次氏体病 NOS,,,,yes,,,,,
立克次体感染 NOS,,,,yes,,,,,
莱姆病,,,,yes,,,,,
螺旋体感染 NOS,,,,yes,,,,,
鹦鹉热,,,,yes,,,,,
鸟疫,,,,yes,,,,,
斑疹热[蜱媒介的立克次氏体病] NOS,,,,yes,,,,,
人粒细胞无形体病,,,,yes,,,,,
人粒细胞无形体病(未分型),,,,yes,,,,,
麦地那龙线虫病（几内亚蠕虫病） ,,,,yes,,,,,
麦地那龙线虫病（几内亚蠕虫病） (未分型),,,,yes,,,,,
弯曲菌病,,,,yes,,,,,
弯曲菌病(未分型),,,,yes,,,,,
恙虫病(未分型),,,,yes,,,,,
恙虫病,,,,yes,,,,,
流行性病毒性诺瓦克型胃肠病(未分型),,,,yes,,,,,
雅司病 NOS(未分型),,,,yes,,,,,
小圆结构病毒性肠炎(未分型),,,,yes,,,,,
直布罗陀热(西班牙),,,,yes,,,,,
流产布鲁氏菌病,,,,yes,,,,,
细菌性食物中毒(未分型),,,,yes,,,,,
食物中毒 NOS(未分型),,,,yes,,,,,
胃肠型食物中毒(未分型),,,,yes,,,,,
香肠(腊肠)食物中毒(未分型),,,,yes,,,,,
链杆菌性鼠咬热,,,,yes,,,,,
新生儿破伤风,,,,yes,,,,,
血吸虫病,,,,yes,,,,,
逆病毒感染,,,,yes,,,,,
传染性淋巴细胞增多症,,,,yes,,,,,
急性传染性淋巴细胞增多症,,,,yes,,,,,
塔希纳热,,,,yes,,,,,
埃可病毒感染,,,,yes,,,,,
柯萨奇病毒感染,,,,yes,,,,,
小孢子菌病,,,,yes,,,,,
原生动物性疾病 NOS,,,,yes,,,,,
吸虫病,,,,yes,,,,,
感染,,,,yes,,,,,
感染性发热,,,,yes,,,,,
感染后脑积水,,,,yes,,,,,
其他传染病,,,,yes,,,,,
流行性和地方性斑疹伤寒,,,,yes,,,,,
丝虫病,,,,yes,,,,,
急性出血性结膜炎,,,,yes,,,,,
绦虫病 NOS,,,,yes,,,,,
囊尾蚴病[囊虫病] NOS,,,,yes,,,,,
囊虫感染,,,,yes,,,,,
河盲病,,,,yes,,,,,
旋盘尾丝虫感染,,,,yes,,,,,
旋毛虫病,,,,yes,,,,,
钩虫病 NOS,,,,yes,,,,,
蛔虫病 NOS,,,,yes,,,,,
马亚罗热,,,,yes,,,,,
足分支菌病 NOS(未分型),,,,yes,,,,,
霉菌感染(未分型),,,,yes,,,,,
真菌病(未分型),,,,yes,,,,,
脑锥虫病(未分型),,,,yes,,,,,
昏睡病 NOS(未分型),,,,yes,,,,,
弓形体病 NOS(未分型),,,,yes,,,,,
肺囊虫病(未分型),,,,yes,,,,,
肺囊虫性肺炎(未分型),,,,yes,,,,,
盘尾丝虫病,,,,yes,,,,,
类圆线虫病 NOS,,,,yes,,,,,
肠蠕虫病 NOS,,,,yes,,,,,
蝇蛆病 NOS,,,,yes,,,,,
链球菌作为分类于其他章疾病的原因 NOS,,,,yes,,,,,
急性脑膜脑炎,,,,yes,,,,,
沙粒病毒性出血热 NOS,,,,yes,,,,,
病毒性出血热 NOS,,,,yes,,,,,
病毒性疣,,,,yes,,,,,
外耳道疣,,,,yes,,,,,
传染性软疣,,,,yes,,,,,
流行性眩晕(未分型),,,,yes,,,,,
中枢神经系统其他特指的病毒性感染(未分型),,,,yes,,,,,
类鼻疽败血症,,,,yes,,,,,
螺菌病(未分型),,,,yes,,,,,
血吸虫病(未分型),,,,yes,,,,,
其他未特指部位的病毒ＥＢ感染(未分型),,,,yes,,,,,
念珠菌感染(未分型),,,,yes,,,,,
肺荚膜组织胞浆菌病 NOS(未分型),,,,yes,,,,,
巴贝虫病(未分型),,,,yes,,,,,
纳格勒阿米巴病脑炎(未分型),,,,yes,,,,,
鼠咬热 NOS(未分型),,,,yes,,,,,
类丹毒 NOS(未分型),,,,yes,,,,,
动物传染的细菌性疾病 NOS(未分型),,,,yes,,,,,
非典型性分枝杆菌感染 NOS(未分型),,,,yes,,,,,
利什曼病,,,,yes,,,,,
汉坦病毒感染,,,,yes,,,,,
肠病毒脑炎、脊髓炎或脑脊髓炎,,,,yes,,,,,
鞭虫病,,,,yes,,,,,
蛲虫病,,,,yes,,,,,
混合型蠕虫病 NOS,,,,yes,,,,,
肠道寄生虫病 NOS,,,,yes,,,,,
伤 寒,,,,yes,,,,,
小袋虫病(未分型),,,,yes,,,,,
肠梨形鞭毛虫病[蓝氏贾第鞭毛虫病](未分型),,,,yes,,,,,
隐孢子虫病(未分型),,,,yes,,,,,
等孢子球虫病(球虫病)(未分型),,,,yes,,,,,
肠道球虫病(未分型),,,,yes,,,,,
肠道滴虫病(未分型),,,,yes,,,,,
肠道毛滴虫病(未分型),,,,yes,,,,,
鞭毛虫性腹泻(未分型),,,,yes,,,,,
原生动物性结肠炎(未分型),,,,yes,,,,,
原生动物性腹泻(未分型),,,,yes,,,,,
诺瓦克病毒肠炎(未分型),,,,yes,,,,,
流行性感冒-甲型未分型,,,,yes,,,,,
流行性感冒-甲型H5,,,,yes,,,,,
中枢神经系统的病毒性感染 NOS(未分型),,,,yes,,,,,
奥尼昂-尼昂热(未分型),,,,yes,,,,,
委内瑞拉马型脑炎、脑脊髓炎或脊髓炎(未分型),,,,yes,,,,,
裂谷热(未分型),,,,yes,,,,,
其他特指的蚊媒介的病毒性发热(未分型),,,,yes,,,,,
蚊媒介的病毒性发热 NOS(未分型),,,,yes,,,,,
卵形疟,,,,yes,,,,,
虫媒介病毒性发热(未分型),,,,yes,,,,,
沙门氏菌感染 NOS,,,,yes,,,,,
人类偏肺病毒,,,,人类偏肺病毒(未分型)、人类偏肺病毒(未分型),,,,yes,
细菌性食物中毒,,,,yes,,,,,
蠕虫病 NOS,,,,yes,,,,,
虱病 NOS,,,,yes,,,,,
疥疮,,,,yes,,,,,
螨病 NOS,,,,yes,,,,,
寄生虫感染 NOS,,,,yes,,,,,
传染病或寄生虫病后遗症 NOS,,,,yes,,,,,
葡萄球菌作为分类于其他章疾病的原因 NOS,,,,yes,,,,,
东方马脑炎,,,,yes,,,,,
丙型脑炎,,,,yes,,,,,
昆金病毒病,,,,yes,,,,,
白喉,,,,yes,,,,,
若西欧病毒病,,,,yes,,,,,
其他蚊媒介的病毒性脑炎,,,,yes,,,,,
李斯特菌病[李司忒氏菌病] NOS(未分型),,,,yes,,,,,
破伤风 NOS(未分型),,,,yes,,,,,
链球菌性败血症 NOS(未分型),,,,yes,,,,,
朱宁出血热(未分型),,,,yes,,,,,
拉沙热(未分型),,,,yes,,,,,
其他沙粒病毒性出血热(未分型),,,,yes,,,,,
中亚出血热(未分型),,,,yes,,,,,
夸赛纳森林病(未分型),,,,yes,,,,,
汉坦病毒病,,,,yes,,,,,
克里米亚-刚国出血热(未分型),,,,yes,,,,,
单纯疱疹 NOS,,,,yes,,,,,
水痘[羊痘] NOS(未分型),,,,yes,,,,,
寻常疣(未分型),,,,yes,,,,,
疣(未分型),,,,yes,,,,,
指状疣(未分型),,,,yes,,,,,
牛痘(未分型),,,,yes,,,,,
触染性脓疱性皮炎(未分型),,,,yes,,,,,
流行性感冒-甲型H3,,,,yes,,,,,
流行性感冒-甲型H1N1,,,,yes,,,,,
流行性感冒-甲型H1,,,,yes,,,,,
流行性感冒-乙型(Victoria lineage),,,,yes,,,,,
流行性感冒-乙型未分型,,,,yes,,,,,
流行性感冒-乙型(Yamagata lineage),,,,yes,,,,,
败血症 NOS(未分型),,,,yes,,,,,
放线菌病 NOS(未分型),,,,yes,,,,,
诺卡氏[放线]菌病 NOS(未分型),,,,yes,,,,,
阿米巴性痢疾,,,,yes,,,,,
波伊德细菌性痢疾,,,,yes,,,,,
沙门氏菌感染,,,,yes,,,,,
大肠杆菌感染,,,,yes,,,,,
大肠埃希氏杆菌感染(大肠杆菌),,,,yes,,,,,
布鲁氏菌,,,,yes,,,,,
病毒性肝炎,,,,yes,,,,,
鼻疽和类鼻疽,,,,yes,,,,,
包虫病,,,,yes,,,,,
ＥＢ病毒感染,,,,yes,,,,,
巴尔通体病 NOS(未分型),,,,yes,,,,,
丹毒(未分型),,,,yes,,,,,
蚊媒介的病毒性脑炎 NOS,,,,yes,,,,,
森林脑炎[蜱传脑炎],,,,yes,,,,,
中部欧洲蜱媒介脑炎,,,,yes,,,,,
波瓦桑病毒病,,,,yes,,,,,
羊跳跃病,,,,yes,,,,,
蜱媒介的病毒性脑炎 NOS,,,,yes,,,,,
节肢动物媒介的病毒性脑炎 NOS,,,,yes,,,,,
流行性脑脊髓炎[克律歇氏病],,,,yes,,,,,
昏睡性脑炎[埃科若莫氏病],,,,yes,,,,,
其他布鲁氏菌病,,,,yes,,,,,
其他类鼻疽,,,,yes,,,,,
流行性关节红斑[哈弗山](未分型),,,,yes,,,,,
蝇疫霉病(未分型),,,,yes,,,,,
放线菌瘤(未分型),,,,yes,,,,,
三日疟 NOS,,,,yes,,,,,
查加斯病[美洲锥虫病]伴有累及其他器官(未分型),,,,yes,,,,,
原发性阿米巴性脑膜脑炎(未分型),,,,yes,,,,,
钩端螺旋体病 NOS(未分型),,,,yes,,,,,
菌血症 NOS(未分型),,,,yes,,,,,
泌尿生殖道衣原体感染(未分型),,,,yes,,,,,
走马疳[口颊坏疽、走马牙疳](未分型),,,,yes,,,,,
沙眼 NOS(未分型),,,,yes,,,,,
寇(Ｑ)热(未分型),,,,yes,,,,,
曲霉菌病(曲菌病) NOS(未分型),,,,yes,,,,,
疱疹性咽峡炎,,,,yes,,,,,
急性淋巴结节性咽炎,,,,yes,,,,,
肠病毒性淋巴结咽炎,,,,yes,,,,,
罗斯河热,,,,yes,,,,,
奥罗普什热,,,,yes,,,,,
其它蜱媒介的出血热,,,,yes,,,,,
新生儿流行性心肌炎[柯萨奇病毒性],,,,yes,,,,,
葡萄球菌性食物中毒,,,,yes,,,,,
猪腹病,,,,yes,,,,,
大肠杆菌性食物中毒,,,,yes,,,,,
嗜睡性脑炎[流行性甲型脑炎],,,,yes,,,,,
冯.埃科诺莫-克吕谢病,,,,yes,,,,,
病毒性脑膜脑炎,,,,yes,,,,,
病毒性脑炎,,,,yes,,,,,
急性脑炎,,,,yes,,,,,
流行性脑炎,,,,yes,,,,,
肠病毒性发疹热(波士顿疹病),,,,yes,,,,,
流行性眩晕,,,,yes,,,,,
中枢神经系统其他特指的病毒性感染,,,,yes,,,,,
中枢神经系统的病毒性感染 NOS,,,,yes,,,,,
基孔肯雅热,,,,yes,,,,,
奥尼昂-尼昂热,,,,yes,,,,,
委内瑞拉马型脑炎、脑脊髓炎或脊髓炎,,,,yes,,,,,
细小的病毒感染 NOS,,,,yes,,,,,
乳头多瘤空泡病毒感染 NOS,,,,yes,,,,,
其他未特指部位的病毒ＥＢ感染,,,,yes,,,,,
病毒感染 NOS,,,,yes,,,,,
癣 NOS,,,,yes,,,,,
霉菌性皮炎 NOS,,,,yes,,,,,
表面的霉菌病 NOS,,,,yes,,,,,
念珠菌感染,,,,yes,,,,,
鹅口疮 NOS,,,,yes,,,,,
球孢子菌病,,,,yes,,,,,
肺组织胞浆菌病,,,,yes,,,,,
肺荚膜组织胞浆菌病 NOS,,,,yes,,,,,
荚膜组织胞浆菌病 NOS,,,,yes,,,,,
杜波依西变种组织胞浆菌病,,,,yes,,,,,
肺芽生菌病 NOS,,,,yes,,,,,
芽生菌病(酿母菌病) NOS,,,,yes,,,,,
类球孢子菌病 NOS,,,,yes,,,,,
孢子丝菌病 NOS,,,,yes,,,,,
着色真菌病 NOS,,,,yes,,,,,
曲霉菌病(曲菌病) NOS,,,,yes,,,,,
霉菌性足分支菌病(未分型),,,,yes,,,,,
利什曼病 NOS,,,,yes,,,,,
卡氏肺囊虫性肺炎(未分型),,,,yes,,,,,
纳归虫病性脑炎、脊髓炎或脑脊髓炎(未分型),,,,yes,,,,,
链球菌感染综合症(未分型),,,,yes,,,,,
绿脓杆菌感染(未分型),,,,yes,,,,,
幽门螺旋杆菌感染(未分型),,,,yes,,,,,
毛滴虫病 NOS(未分型),,,,yes,,,,,
品他病 NOS(未分型),,,,yes,,,,,
螺旋体感染 NOS(未分型),,,,yes,,,,,
斑疹热[蜱媒介的立克次氏体病] NOS(未分型),,,,yes,,,,,
原生动物性疾病 NOS(未分型),,,,yes,,,,,
其他传染病(未分型),,,,yes,,,,,
丝虫病(未分型),,,,yes,,,,,
多房棘球绦虫感染 NOS,,,,yes,,,,,
囊虫感染(未分型),,,,yes,,,,,
钩虫病 NOS(未分型),,,,yes,,,,,
蛲虫病(未分型),,,,yes,,,,,
蠕虫病 NOS(未分型),,,,yes,,,,,
寄生虫感染 NOS(未分型),,,,yes,,,,,
东方马脑炎(未分型),,,,yes,,,,,
芽生菌病(酿母菌病) NOS(未分型),,,,yes,,,,,
流行性呕吐综合征[布拉德利病](未分型),,,,yes,,,,,
隐球菌病 NOS,,,,yes,,,,,
毛霉菌病(藻菌病) NOS,,,,yes,,,,,
藻菌病,,,,yes,,,,,
接合菌病 NOS,,,,yes,,,,,
霉菌性足分支菌病,,,,yes,,,,,
足分支菌病 NOS,,,,yes,,,,,
霉菌感染,,,,yes,,,,,
真菌病,,,,yes,,,,,
脑锥虫病,,,,yes,,,,,
细菌性痢疾(未分型),,,,yes,,,,,
纹带棒杆菌,,,,,,,,yes,
屎肠球菌,,,,,,,,yes,
人类α疱疹病毒1型(HSV1),,,,,,,,yes,
嗜麦芽窄食单胞菌,,,,,,,,yes,
人类γ疱疹病毒4型(EBV),,,,,,,,yes,
白念珠菌,,,,,,,,yes,
鲍曼不动杆菌,,,,,,,,yes,
人类β疱疹病毒5型(CMV),,,,,,,,yes,
耶氏肺孢子菌,,,,,,,,yes,
多形拟杆菌,,,,,,,,yes,
昂氏另枝菌,,,,,,,,yes,
Ruthenibacterium_lactatiformans,,,,,,,,yes,
Erysipelatoclostridium_ramosum,,,,,,,,yes,
粪考拉杆菌,,,,,,,,yes,
细环病毒,,,,,,,,yes,
细环病毒16型,,,,,,,,yes,
人多瘤病毒3型,,,,,,,,yes,
人类β疱疹病毒7型,,,,,,,,yes,
铜绿假单胞菌,,,,,,,,yes,
细环病毒15型,,,,,,,,yes,
TTV样微小病毒,,,,,,,,yes,
热带念珠菌,,,,,,,,yes,
库德里阿兹威毕赤酵母,,,,,,,,yes,
葡萄牙棒孢酵母,,,,,,,,yes,
赭曲霉,,,,,,,,yes,
木糖氧化无色杆菌,,,,,,,,yes,
粪肠球菌,,,,,,,,yes,
产酸克雷伯菌,,,,,,,,yes,
光滑念珠菌,,,,,,,,yes,
奇异变形杆菌,,,,,,,,yes,
摩根摩根菌,,,,,,,,yes,
鹦鹉热衣原体,,,,,,,,yes,
淡紫紫孢菌,,,,,,,,yes,
人类β疱疹病毒6B型,,,,,,,,yes,
清酒念珠菌,,,,,,,,yes,
烟曲霉,,,,,,,,yes,
瑞典创伤球菌,,,,,,,,yes,
大肠埃希菌,,,,,,,,yes,
群集裂褶菌,,,,,,,,yes,
哈茨木霉,,,,,,,,yes,
医院不动杆菌,,,,,,,,yes,
产吲哚金黄杆菌,,,,,,,,yes,
布甘多肠杆菌,,,,,,,,yes,
人类β疱疹病毒6A型,,,,,,,,yes,
皮特不动杆菌,,,,,,,,yes,
人多瘤病毒5型,,,,,,,,yes,
小孢根霉,,,,,,,,yes,
三角孢小囊菌,,,,,,,,yes,
嗜碱外瓶霉,,,,,,,,yes,
匍枝根霉,,,,,,,,yes,
波兰青霉,,,,,,,,yes,
海枣曲霉,,,,,,,,yes,
细环病毒3型,,,,,,,,yes,
东方伊蒙菌,,,,,,,,yes,
小细环病毒2型,,,,,,,,yes,
细环病毒1型,,,,,,,,yes,
阴道加德纳菌,,,,,,,,yes,
近平滑念珠菌,,,,,,,,yes,
脑膜脓毒伊丽莎白菌,,,,,,,,yes,
黏质沙雷菌,,,,,,,,yes,
细环病毒6型,,,,,,,,yes,
类肺炎克雷伯菌,,,,,,,,yes,
多食伯克霍尔德菌,,,,,,,,yes,
肝炎GB病毒C型,,,,,,,,yes,
惠普尔养障体,,,,,,,,yes,
不同军团菌,,,,,,,,yes,
黄孢原毛平革菌,,,,,,,,yes,
Naganishia_albida,,,,,,,,yes,
百岁兰曲霉,,,,,,,,yes,
微小根毛霉,,,,,,,,yes,
阴沟肠杆菌,,,,,,,,yes,
慢生黄分枝杆菌,,,,,,,,yes,
曲霉*,,,,,,,,yes,
琼氏不动杆菌,,,,,,,,yes,
人偏肺病毒,,,,,,,,yes,
弗劳地柠檬酸杆菌,,,,,,,,yes,
霍氏肠杆菌,,,,,,,,yes,
人型支原体,,,,,,,,yes,
指状青霉,,,,,,,,yes,
偶发分枝杆菌,,,,,,,,yes,
阿萨希毛孢子菌,,,,,,,,yes,
新洋葱伯克霍尔德菌,,,,,,,,yes,
无乳链球菌,,,,,,,,yes,
外来分枝杆菌,,,,,,,,yes,
产气克雷伯菌,,,,,,,,yes,
细小脲原体,,,,,,,,yes,
鸟肠球菌,,,,,,,,yes,
米曲霉/黄曲霉,,,,,,,,yes,
柠檬明串珠菌,,,,,,,,yes,
构巢曲霉,,,,,,,,yes,
亚特兰大莫拉菌,,,,,,,,yes,
平常念珠菌,,,,,,,,yes,
互隔链格孢菌,,,,,,,,yes,
离生青霉,,,,,,,,yes,
异栖克雷伯菌,,,,,,,,yes,
罗根坎普氏肠杆菌,,,,,,,,yes,
土曲霉,,,,,,,,yes,
鱼乳球菌,,,,,,,,yes,
戴尔凯孢圆酵母,,,,,,,,yes,
马克思克鲁维酵母,,,,,,,,yes,
白地霉,,,,,,,,yes,
冠突曲霉,,,,,,,,yes,
Cyberlindnera_jadinii,,,,,,,,yes,
威尼克外瓶霉,,,,,,,,yes,
人类疱疹病毒4型1亚型(EBV-1),,,,,,,,yes,
图宾根曲霉,,,,,,,,yes,
新生隐球菌,,,,,,,,yes,
阴道陌生菌,,,,,,,,yes,
人多瘤病毒6型,,,,,,,,yes,
密歇根克雷伯菌,,,,,,,,yes,
斯尼斯菌*,,,,,,,,yes,
人类α疱疹病毒3型(VZV),,,,,,,,yes,
类焦曲霉,,,,,,,,yes,
蜡样芽胞杆菌,,,,,,,,yes,
神户肠杆菌,,,,,,,,yes,
卡他莫拉菌,,,,,,,,yes,
灰绿曲霉,,,,,,,,yes,
牙髓卟啉单胞菌,,,,,,,,yes,
咽峡炎链球菌,,,,,,,,yes,
具核梭杆菌,,,,,,,,yes,
洛氏普雷沃菌,,,,,,,,yes,
侵肺戴阿李斯特菌,,,,,,,,yes,
疾病卡托菌,,,,,,,,yes,
成双厌氧球形菌,,,,,,,,yes,
直肠弯曲菌,,,,,,,,yes,
米根霉,,,,,,,,yes,
加勒比麦尔酵母菌,,,,,,,,yes,
星座链球菌,,,,,,,,yes,
副胞内分枝杆菌,,,,,,,,yes,
轮生镰刀菌,,,,,,,,yes,
按蚊伊丽莎白菌,,,,,,,,yes,
克氏柠檬酸杆菌,,,,,,,,yes,
植生拉乌尔菌,,,,,,,,yes,
食窦魏斯菌,,,,,,,,yes,
解鸟氨酸拉乌尔菌,,,,,,,,yes,
混淆魏斯菌,,,,,,,,yes,
乳明串珠菌,,,,,,,,yes,
多育节荚孢霉,,,,,,,,yes,
迟缓曲霉,,,,,,,,yes,
费比恩塞伯林德纳酵母,,,,,,,,yes,
平头刺盘孢,,,,,,,,yes,
严重急性呼吸窘迫综合征相关病毒(SARS病毒）,,,,,,,,yes,
克雷伯菌属,,,,,,,,yes,
拟平滑念珠菌,,,,,,,,yes,
曲霉属,,,,,,,,yes,
被孢霉*,,,,,,,,yes,
黑曲霉,,,,,,,,yes,
长梗木霉,,,,,,,,yes,
人类α疱疹病毒2型(HSV2),,,,,,,,yes,
盖尔森基兴诺卡菌,,,,,,,,yes,
和平空间站伊丽莎白菌,,,,,,,,yes,
脲原体属,,,,,,,,yes,
光孢青霉,,,,,,,,yes,
脓肿诺卡菌,,,,,,,,yes,
豚鼠耳炎诺卡菌,,,,,,,,yes,
阿氏肠杆菌,,,,,,,,yes,
克鲁维毕赤酵母,,,,,,,,yes,
长孢娄德酵母,,,,,,,,yes,
亚洲诺卡菌,,,,,,,,yes,
Inquilinus_limosus,,,,,,,,yes,
Trichodysplasia_spinulosa-associated_polyomavirus,,,,,,,,yes,
格特隐球菌种复合群,,,,,,,,yes,
路氏肠杆菌,,,,,,,,yes,
出芽短梗霉,,,,,,,,yes,
挪威毕赤酵母,,,,,,,,yes,
微小陌生菌,,,,,,,,yes,
特立科拉毕赤酵母,,,,,,,,yes,
产黑色素短梗霉,,,,,,,,yes,
尖孢镰刀菌,,,,,,,,yes,
弗尼斯弧菌,,,,,,,,yes,
醋酸钙不动杆菌,,,,,,,,yes,
wu多瘤病毒,,,,,,,,yes,
沃滋沃军团菌,,,,,,,,yes,
松鼠葡萄球菌,,,,,,,,yes,
新星诺卡菌,,,,,,,,yes,
禾谷镰刀菌,,,,,,,,yes,
胶红酵母,,,,,,,,yes,
伤痛无色杆菌,,,,,,,,yes,
橘绿木霉,,,,,,,,yes,
多瑞卡分枝杆菌,,,,,,,,yes,
恶臭假单胞菌,,,,,,,,yes,
腐皮丛赤壳菌,,,,,,,,yes,
奥默柯达菌,,,,,,,,yes,
奇美拉分枝杆菌,,,,,,,,yes,
中间念珠菌,,,,,,,,yes,
皮疽诺卡菌,,,,,,,,yes,
Moesziomyces_antarcticus,,,,,,,,yes,
假肺炎链球菌,,,,,,,,yes,
[Candida]_nivariensis,,,,,,,,yes,
意大利青霉,,,,,,,,yes,
阿萨西毛孢子菌,,,,,,,,yes,
细环病毒10型,,,,,,,,yes,
龟分枝杆菌,,,,,,,,yes,
禽腮腺炎病毒1型,,,,,,,,yes,
人正肺病毒,,,,,,,,yes,
胃梭菌,,,,,,,,yes,
鱼腥味锥形杆菌,,,,,,,,yes,
巴隆普雷沃菌,,,,,,,,yes,
解肝素拟杆菌,,,,,,,,yes,
怯生艰难杆菌,,,,,,,,yes,
口腔消化链球菌,,,,,,,,yes,
微小微单胞菌,,,,,,,,yes,
极小陌生菌,,,,,,,,yes,
肺孢子菌属,,,,,,,,yes,
曼舒里卡毕赤酵母,,,,,,,,yes,
波氏赛多孢霉,,,,,,,,yes,
苍白普雷沃菌,,,,,,,,yes,
浅黄奈瑟菌,,,,,,,,yes,
福赛斯坦纳菌,,,,,,,,yes,
非典型韦荣球菌,,,,,,,,yes,
索氏密螺旋体,,,,,,,,yes,
副血链球菌,,,,,,,,yes,
简明弯曲菌,,,,,,,,yes,
利氏二氧化碳噬纤维菌,,,,,,,,yes,
龈沟产线菌,,,,,,,,yes,
溶血葡萄球菌,,,,,,,,yes,
巴西青霉,,,,,,,,yes,
乳酸片球菌,,,,,,,,yes,
异常威克汉姆酵母,,,,,,,,yes,
解脲脲原体,,,,,,,,yes,
疣状篮状菌,,,,,,,,yes,
Magnusiomyces_capitatus,,,,,,,,yes,
似平滑念珠菌,,,,,,,,yes,
灰黄青霉,,,,,,,,yes,
分枝横梗霉,,,,,,,,yes,
细环病毒12型,,,,,,,,yes,
弗瑞青霉,,,,,,,,yes,
前庭链球菌,,,,,,,,yes,
沙眼衣原体,,,,,,,,yes,
多主棒孢霉,,,,,,,,yes,
解卵磷脂密螺旋体,,,,,,,,yes,
牙龈卟啉单胞菌,,,,,,,,yes,
苛求依赖杆菌,,,,,,,,yes,
衣氏放线菌,,,,,,,,yes,
曲霉*（Aspergillus_turcosus）,,,,,,,,yes,
微生子梭杆菌,,,,,,,,yes,
不解糖孪生球菌,,,,,,,,yes,
威隆气单胞菌,,,,,,,,yes,
分枝杆菌属,,,,,,,,yes,
黏金黄杆菌,,,,,,,,yes,
加氏乳球菌,,,,,,,,yes,
猪葡萄球菌,,,,,,,,yes,
絮状支原体,,,,,,,,yes,
莫氏细小杆菌,,,,,,,,yes,
不解乳假枝杆菌,,,,,,,,yes,
解脲弯曲菌,,,,,,,,yes,
粗球孢子菌,,,,,,,,yes,
人类免疫缺陷病毒1型,,,,,,,,yes,
细环病毒8型,,,,,,,,yes,
阴道毛滴虫,,,,,,,,yes,
支原体*,,,,,,,,yes,
塞氏柠檬酸杆菌,,,,,,,,yes,
耐久肠球菌,,,,,,,,yes,
细环病毒27型,,,,,,,,yes,
球孢子菌属,,,,,,,,yes,
帕万氏窄食单胞菌,,,,,,,,yes,
马氏军团菌,,,,,,,,yes,
外瓶霉*,,,,,,,,yes,
爪甲曲霉,,,,,,,,yes,
层生镰刀菌,,,,,,,,yes,
泡盛曲霉,,,,,,,,yes,
停乳链球菌,,,,,,,,yes,
耳念珠菌,,,,,,,,yes,
德氏根霉,,,,,,,,yes,
非脱羧勒克菌,,,,,,,,yes,
赤曲霉,,,,,,,,yes,
季也蒙麦尔酵母菌,,,,,,,,yes,
镰刀菌*,,,,,,,,yes,
菌核青霉,,,,,,,,yes,
中等密螺旋体,,,,,,,,yes,
中间普雷沃菌,,,,,,,,yes,
缓慢布雷德菌,,,,,,,,yes,
棘状外瓶霉,,,,,,,,yes,
文氏密螺旋体,,,,,,,,yes,
坦纳拟普雷沃菌,,,,,,,,yes,
Phocaeicola_abscessus,,,,,,,,yes,
纤细弯曲菌,,,,,,,,yes,
栖居普雷沃菌,,,,,,,,yes,
人类博卡病毒1型,,,,,,,,yes,
毛孢子菌*,,,,,,,,yes,
人多瘤病毒10型,,,,,,,,yes,
棉子糖肠球菌,,,,,,,,yes,
口腔脱硫微菌,,,,,,,,yes,
土壤不动杆菌,,,,,,,,yes,
米赫根毛霉,,,,,,,,yes,
豚鼠气单胞菌,,,,,,,,yes,
汤氏不动杆菌,,,,,,,,yes,
中间链球菌,,,,,,,,yes,
胸膜炎普雷沃菌,,,,,,,,yes,
婴儿链球菌,,,,,,,,yes,
藤黄短杆菌,,,,,,,,yes,
栖土梭孢壳,,,,,,,,yes,
小斯莱克菌,,,,,,,,yes,
古德费诺假纤毛菌,,,,,,,,yes,
Peptoanaerobacter_stomatis,,,,,,,,yes,
Ogataea_polymorpha,,,,,,,,yes,
堪萨斯分枝杆菌,,,,,,,,yes,
粪类拟杆菌,,,,,,,,yes,
齿垢密螺旋体,,,,,,,,yes,
欧尔森菌*,,,,,,,,yes,
蟾蜍分枝杆菌,,,,,,,,yes,
伞状横梗霉,,,,,,,,yes,
口腔普雷沃菌,,,,,,,,yes,
树胶欧尔森菌,,,,,,,,yes,
欣氏鲍特菌,,,,,,,,yes,
产黑色普雷沃菌,,,,,,,,yes,
假肠膜明串珠菌,,,,,,,,yes,
葡萄牙柠檬酸杆菌,,,,,,,,yes,
生痰新月形单胞菌,,,,,,,,yes,
食果胶密螺旋体,,,,,,,,yes,
斐济曲霉,,,,,,,,yes,
迟缓埃格菌,,,,,,,,yes,
Enterocloster_citroniae,,,,,,,,yes,
[Clostridium]_hylemonae,,,,,,,,yes,
葡萄汁曲霉,,,,,,,,yes,
人多瘤病毒1型(BK多瘤病毒）,,,,,,,,yes,
卡内蒂分枝杆菌,,,,,,,,yes,
灰色拟普雷沃菌,,,,,,,,yes,
小韦荣球菌,,,,,,,,yes,
脆弱拟杆菌,,,,,,,,yes,
香港纤毛菌,,,,,,,,yes,
侵蚀艾肯菌,,,,,,,,yes,
Schaalia_cardiffensis,,,,,,,,yes,
幽门螺杆菌,,,,,,,,yes,
唾液普雷沃菌,,,,,,,,yes,
长奈瑟菌,,,,,,,,yes,
血链球菌,,,,,,,,yes,
黏液罗氏菌,,,,,,,,yes,
青霉*,,,,,,,,yes,
皮炎外瓶霉,,,,,,,,yes,
苏云金芽胞杆菌,,,,,,,,yes,
牙周梭杆菌,,,,,,,,yes,
格氏克雷伯菌,,,,,,,,yes,
洋葱伯克霍尔德菌,,,,,,,,yes,
龈裂陌生菌,,,,,,,,yes,
限制赭霉,,,,,,,,yes,
赤松丝衣霉,,,,,,,,yes,
龋齿罗氏菌,,,,,,,,yes,
格雷文尼放线菌,,,,,,,,yes,
胞内分枝杆菌,,,,,,,,yes,
殊异韦荣球菌,,,,,,,,yes,
嗜麦芽糖密螺旋体,,,,,,,,yes,
谢瓦利埃曲霉,,,,,,,,yes,
藤仓镰刀菌,,,,,,,,yes,
人型金黄杆菌,,,,,,,,yes,
栖组织普雷沃菌,,,,,,,,yes,
脓肿分枝杆菌,,,,,,,,yes,
休斯顿分枝杆菌,,,,,,,,yes,
小细环病毒9型,,,,,,,,yes,
华莱士诺卡菌,,,,,,,,yes,
罕见无色杆菌,,,,,,,,yes,
近玫色锁掷孢酵母,,,,,,,,yes,
雷氏普罗威登斯菌,,,,,,,,yes,
布氏柠檬酸杆菌,,,,,,,,yes,
腐败密螺旋体,,,,,,,,yes,
小细环病毒18型,,,,,,,,yes,
新月弯孢霉,,,,,,,,yes,
嗜血清霍氏菌,,,,,,,,yes,
Ophiostoma_piceae,,,,,,,,yes,
颊普雷沃菌,,,,,,,,yes,
粪产碱杆菌,,,,,,,,yes,
孔慈创伤球菌,,,,,,,,yes,
化脓链球菌,,,,,,,,yes,
桑树肠杆菌,,,,,,,,yes,
鼻疽伯克霍尔德菌,,,,,,,,yes,
日勾维多源杆菌,,,,,,,,yes,
篮状菌*,,,,,,,,yes,
丙酸棒杆菌,,,,,,,,yes,
杨氏柠檬酸杆菌,,,,,,,,yes,
黑马朗念珠菌,,,,,,,,yes,
罗氏韦荣球菌,,,,,,,,yes,
懒惰约翰森菌,,,,,,,,yes,
嗜水气单胞菌,,,,,,,,yes,
鸟分枝杆菌,,,,,,,,yes,
Mycobacteroides,,,,,,,,yes,
生癌肠杆菌,,,,,,,,yes,
流产布鲁菌,,,,,,,,yes,
羊布鲁菌,,,,,,,,yes,
贝纳特柯克斯体,,,,,,,,yes,
猫立克次体,,,,,,,,yes,
溶组织内阿米巴,,,,,,,,yes,
嗜麦芽寡养单胞菌,,,,,,,,yes,
人单纯疱疹病毒1型,,,,,,,,yes,
纹带棒状杆菌,,,,,,,,yes,
马尔尼菲篮状菌,,,,,,,,yes,
人疱疹病毒7型,,,,,,,,yes,
人疱疹病毒4型（EB病毒）,,,,,,,,yes,
拥挤棒状杆菌,,,,,,,,yes,
沃氏葡萄球菌,,,,,,,,yes,
越南伯克霍尔德菌,,,,,,,,yes,
无枝菌酸棒杆菌,,,,,,,,yes,
人葡萄球菌,,,,,,,,yes,
人疱疹病毒5型（巨细胞病毒）,,,,,,,,yes,
耐辐射甲基杆菌,,,,,,,,yes,
乳肠球菌,,,,,,,,yes,
黄曲霉,,,,,,,,yes,
解甘露醇罗尔斯顿菌,,,,,,,,yes,
表皮葡萄球菌,,,,,,,,yes,
挪威白念珠菌,,,,,,,,yes,
葡萄牙念珠菌,,,,,,,,yes,
免疫应答分枝杆菌,,,,,,,,yes,
摩氏摩根菌,,,,,,,,yes,
产朊假丝酵母,,,,,,,,yes,
人类疱疹病毒6A型,,,,,,,,yes,
马赛军团菌,,,,,,,,yes,
新型隐球菌,,,,,,,,yes,
模仿棒杆菌,,,,,,,,yes,
病臭肠球菌,,,,,,,,yes,
娄地青霉,,,,,,,,yes,
人类疱疹病毒6B型,,,,,,,,yes,
解葡萄糖苷棒杆菌,,,,,,,,yes,
鸟-胞内分枝杆菌复合群,,,,,,,,yes,
普通裂褶菌,,,,,,,,yes,
蒂莫内马赛菌,,,,,,,,yes,
Brevibacterium_ravenspurgens(短杆菌属细菌),,,,,,,,yes,
玫瑰色库克菌,,,,,,,,yes,
弗氏柠檬酸杆菌复合群,,,,,,,,yes,
冬天分枝杆菌,,,,,,,,yes,
腿伤凯斯特菌,,,,,,,,yes,
阴沟肠杆菌复合群,,,,,,,,yes,
嘎地分枝杆菌,,,,,,,,yes,
戊糖乳杆菌,,,,,,,,yes,
洋葱伯克霍尔德菌复合群,,,,,,,,yes,
约翰逊乳杆菌,,,,,,,,yes,
人单纯疱疹病毒3型（水痘-带状疱疹）,,,,,,,,yes,
香港触酶杆菌,,,,,,,,yes,
佩滕科菲尔葡萄球菌,,,,,,,,yes,
怯生难养杆菌,,,,,,,,yes,
吉达根棒状杆菌,,,,,,,,yes,
鹑鸡肠球菌,,,,,,,,yes,
Acetobacter_indonesiensis(醋酸菌属细菌),,,,,,,,yes,
双向伯克霍尔德菌,,,,,,,,yes,
戊糖片球菌,,,,,,,,yes,
Lactococcus_cremoris(乳球菌属细菌),,,,,,,,yes,
粉红单端孢菌,,,,,,,,yes,
多尔拟杆菌,,,,,,,,yes,
缓慢埃格菌,,,,,,,,yes,
梭形梭菌,,,,,,,,yes,
产气柯林斯菌,,,,,,,,yes,
沃氏嗜胆菌,,,,,,,,yes,
人结肠厌氧棍状菌,,,,,,,,yes,
共生梭菌,,,,,,,,yes,
小克里斯滕森氏菌,,,,,,,,yes,
内脏臭气杆菌,,,,,,,,yes,
科氏葡萄球菌,,,,,,,,yes,
Enterobacter bugandensis(肠杆菌属细菌),,,,,,,,yes,
Fusarium_haematococcum(镰刀菌属真菌）,,,,,,,,yes,
吉拉迪贪铜菌,,,,,,,,yes,
阿萨希丝孢酵母,,,,,,,,yes,
盲肠肠球菌,,,,,,,,yes,
Pseudomonas_grimontii(假单胞菌属细菌),,,,,,,,yes,
小肠肠球菌,,,,,,,,yes,
假白喉棒杆菌,,,,,,,,yes,
克柔念珠菌,,,,,,,,yes,
口普雷沃氏菌,,,,,,,,yes,
人细小病毒B19型,,,,,,,,yes,
Streptococcus koreensis 链球菌属细菌,,,,,,,,yes,
化脓拟杆菌,,,,,,,,yes,
弗比恩毕赤酵母,,,,,,,,yes,
发酵念珠菌,,,,,,,,yes,
分散泛菌,,,,,,,,yes,
铅黄肠球菌,,,,,,,,yes,
HPgV病毒C型,,,,,,,,yes,
奥斯陆莫拉菌,,,,,,,,yes,
惰性凝聚杆菌,,,,,,,,yes,
头状葡萄球菌,,,,,,,,yes,
米曲霉,,,,,,,,yes,
扩展青霉,,,,,,,,yes,
生痰二氧化碳嗜纤维菌,,,,,,,,yes,
唾液支原体,,,,,,,,yes,
长孢洛德酵母,,,,,,,,yes,
栖稻假单胞菌,,,,,,,,yes,
印度库克氏菌,,,,,,,,yes,
Enterobacter_sichuanensis(肠杆菌属细菌）,,,,,,,,yes,
Klebsiella grimontii（克雷伯菌属细菌）,,,,,,,,yes,
Nocardiopsis_prasina(拟诺卡菌属细菌),,,,,,,,yes,
戈登分枝杆菌,,,,,,,,yes,
空肠普雷沃菌,,,,,,,,yes,
血孪生球菌,,,,,,,,yes,
德兰士瓦诺卡菌,,,,,,,,yes,
杆状奈瑟菌,,,,,,,,yes,
柯氏棒状杆菌,,,,,,,,yes,
口腔毛绒厌氧杆菌,,,,,,,,yes,
变形斑沙雷菌,,,,,,,,yes,
麦氏棒状杆菌,,,,,,,,yes,
Lactobacillus harbinensis(乳杆菌属细菌),,,,,,,,yes,
马胃葡萄球菌,,,,,,,,yes,
蒙氏假单胞菌,,,,,,,,yes,
产碱假单胞菌,,,,,,,,yes,
林肯莫拉菌,,,,,,,,yes,
产黄青霉复合群,,,,,,,,yes,
孟氏假单胞菌,,,,,,,,yes,
乌尔新不动杆菌,,,,,,,,yes,
Bordetella_flabilis(鲍特氏菌属细菌),,,,,,,,yes,
水谷鞘氨醇杆菌,,,,,,,,yes,
缺陷短波单胞菌,,,,,,,,yes,
费菲脱硫弧菌,,,,,,,,yes,
弯曲芽孢杆菌,,,,,,,,yes,
多食鞘氨醇杆菌,,,,,,,,yes,
限制性马拉色菌,,,,,,,,yes,
爵斯基军团菌,,,,,,,,yes,
副溶血嗜血杆菌,,,,,,,,yes,
纽氏放线菌,,,,,,,,yes,
弗氏柠檬酸杆菌,,,,,,,,yes,
禽副粘病毒1型（新城疫病毒）,,,,,,,,yes,
杂色曲霉,,,,,,,,yes,
人费克蓝姆菌,,,,,,,,yes,
伊尼利螺旋体,,,,,,,,yes,
老兵诺卡菌,,,,,,,,yes,
无,,,,,,,,yes,
普氏杆菌,,,,,,,,yes,
贝氏柯克斯体,,,,,,,,yes,
Desulfobulbus_oralis（ 脱硫叶菌属细菌）,,,,,,,,yes,
口腔链球菌,,,,,,,,yes,
副乾酪乳杆菌,,,,,,,,yes,
赫氏草螺菌,,,,,,,,yes,
惰性费克蓝姆菌,,,,,,,,yes,
土壤短芽孢杆菌,,,,,,,,yes,
戈登链球菌,,,,,,,,yes,
纽卡斯尔分枝杆菌,,,,,,,,yes,
米氏西蒙斯菌,,,,,,,,yes,
Sphingomonas koreensis（鞘氨醇单胞菌属细菌）,,,,,,,,yes,
Bosea_lupini(包西氏菌属菌属),,,,,,,,yes,
Rhizobium pusense(根瘤菌属细菌),,,,,,,,yes,
中间苍白杆菌,,,,,,,,yes,
Methylobacterium_phyllosphaerae（甲基杆菌属细菌）,,,,,,,,yes,
氨氧化假诺卡氏菌,,,,,,,,yes,
需血清霍氏菌,,,,,,,,yes,
多杀巴斯德杆菌,,,,,,,,yes,
皮氏罗尔斯顿菌,,,,,,,,yes,
浅黄假单胞菌,,,,,,,,yes,
麻疹孪生球菌,,,,,,,,yes,
龋齿放线菌,,,,,,,,yes,
多耐棒杆菌,,,,,,,,yes,
尼瓦利亚念珠菌,,,,,,,,yes,
内氏放线菌,,,,,,,,yes,
丙酸丙酸杆菌,,,,,,,,yes,
黏液玫瑰单胞菌,,,,,,,,yes,
溶血隐秘杆菌,,,,,,,,yes,
Janibacter melonis（两面神菌属细菌）,,,,,,,,yes,
致病无色杆菌,,,,,,,,yes,
魏格斯斯卡多维菌,,,,,,,,yes,
杀鲑气单胞菌,,,,,,,,yes,
梅契尼柯夫弧菌,,,,,,,,yes,
人博卡病毒,,,,,,,,yes,
Pseudomonas_otitidis(假单胞菌属细菌),,,,,,,,yes,
丙酸棒状杆菌,,,,,,,,yes,
山羊葡萄球菌,,,,,,,,yes,
罗氏假单胞菌,,,,,,,,yes,
发热伴血小板减少综合征病毒,,,,,,,,yes,
派替鲍特菌,,,,,,,,yes,
互格链格孢复合群,,,,,,,,yes,
Anaerococcus_provencensis(厌氧球菌属细菌）,,,,,,,,yes,
Enterobacter roggenkampii（肠杆菌属细菌）,,,,,,,,yes,
缓症链球菌,,,,,,,,yes,
克氏库克菌,,,,,,,,yes,
微小脲原体,,,,,,,,yes,
尖端赛多孢霉,,,,,,,,yes,
抗坏血酸克吕沃尔氏菌,,,,,,,,yes,
Mogibacterium_pumilum（难养杆菌属细菌）,,,,,,,,yes,
弯曲乳杆菌,,,,,,,,yes,
人单纯疱疹病毒2型,,,,,,,,yes,
蜡样芽孢杆菌群,,,,,,,,yes,
黏滑罗斯菌,,,,,,,,yes,
乔治放线菌,,,,,,,,yes,
Mycobacterium gallinarum（分枝杆菌属细菌）,,,,,,,,yes,
人双埃可病毒1型,,,,,,,,yes,
人苍白杆菌,,,,,,,,yes,
寡育外瓶霉,,,,,,,,yes,
非典型韦荣氏球菌,,,,,,,,yes,
韦德纤毛菌,,,,,,,,yes,
富西亚分枝杆菌,,,,,,,,yes,
非液化莫拉菌,,,,,,,,yes,
人心杆菌,,,,,,,,yes,
脱氮金氏菌,,,,,,,,yes,
牙齿放线菌,,,,,,,,yes,
解糖葡萄球菌,,,,,,,,yes,
创口博德特菌,,,,,,,,yes,
链状埃格斯菌,,,,,,,,yes,
副戈登分枝杆菌,,,,,,,,yes,
气味沙雷菌,,,,,,,,yes,
麦尔放线菌,,,,,,,,yes,
球形马拉色菌,,,,,,,,yes,
逊德勒不动杆菌,,,,,,,,yes,
唾液链球菌,,,,,,,,yes,
伪中间葡萄球菌,,,,,,,,yes,
星形诺卡菌,,,,,,,,yes,
痰潘多拉菌,,,,,,,,yes,
微黄奈瑟氏菌,,,,,,,,yes,
威克汉姆无绿藻,,,,,,,,yes,
普雷沃氏菌,,,,,,,,yes,
羊水斯尼斯菌,,,,,,,,yes,
口腔放线菌,,,,,,,,yes,
支气管戈登菌,,,,,,,,yes,
Olsenella_phocaeensis（欧尔森菌属细菌）,,,,,,,,yes,
喙状明脐菌,,,,,,,,yes,
楚布分枝杆菌,,,,,,,,yes,
脓液诺卡菌,,,,,,,,yes,
动胶拟杆菌,,,,,,,,yes,
新喀里多尼亚诺卡菌,,,,,,,,yes,
Delftia tsuruhatensis（代尔夫特菌属细菌） ,,,,,,,,yes,
污染伯克霍尔德菌,,,,,,,,yes,
鼠李糖乳杆菌,,,,,,,,yes,
奇异劳特普罗菌,,,,,,,,yes,
黄瓜金黄杆菌,,,,,,,,yes,
布拉加念珠菌,,,,,,,,yes,
杰氏棒状杆菌,,,,,,,,yes,
中华链球菌,,,,,,,,yes,
卡迪夫放线菌,,,,,,,,yes,
海藻希瓦氏菌,,,,,,,,yes,
斯洛菲马拉色菌,,,,,,,,yes,
淡紫拟青霉,,,,,,,,yes,
氢厌氧球菌,,,,,,,,yes,
辛辛那提军团菌,,,,,,,,yes,
Methylorubrum populi(甲基杆菌属细菌),,,,,,,,yes,
黑根霉,,,,,,,,yes,
Actinomyces_mediterranea（放线菌属细菌）,,,,,,,,yes,
Schaalia turicensis,,,,,,,,yes,
红绶曲霉,,,,,,,,yes,
Enterobacter_chengduensis（肠杆菌属细菌）,,,,,,,,yes,
肠膜明串珠菌,,,,,,,,yes,
干燥奈瑟菌,,,,,,,,yes,
Anaeroglobus_geminatus,,,,,,,,yes,
栖牙普雷沃菌,,,,,,,,yes,
泛口腔链球菌,,,,,,,,yes,
人类多瘤病毒7型,,,,,,,,yes,
多形普雷沃菌,,,,,,,,yes,
栖居普雷沃氏菌,,,,,,,,yes,
浑浊戴阿李斯特菌,,,,,,,,yes,
单核细胞增生李斯特菌,,,,,,,,yes,
聚多曲霉,,,,,,,,yes,
Talaromyces funiculosus（篮状菌属真菌）,,,,,,,,yes,
南极假丝酵母,,,,,,,,yes,
拟棘孢曲霉,,,,,,,,yes,
奥布分枝杆菌,,,,,,,,yes,
浅黄分枝杆菌,,,,,,,,yes,
糠秕马拉色菌,,,,,,,,yes,
齿双歧杆菌,,,,,,,,yes,
齿垢副斯卡多维菌,,,,,,,,yes,
头状大孢酵母菌,,,,,,,,yes,
斯氏普罗威登斯菌,,,,,,,,yes,
维氏气单胞菌,,,,,,,,yes,
抗辐射不动杆菌,,,,,,,,yes,
贝雷占不动杆菌,,,,,,,,yes,
Acinetobacter_colistiniresistens（不动杆菌属细菌）,,,,,,,,yes,
疼痛无色杆菌,,,,,,,,yes,
疾病卡托氏菌,,,,,,,,yes,
达卡气单胞菌,,,,,,,,yes,
黑色消化球菌,,,,,,,,yes,
蟾分枝杆菌,,,,,,,,yes,
类二氧化碳噬纤维微生长单胞菌,,,,,,,,yes,
日本曲霉,,,,,,,,yes,
肠沙门菌,,,,,,,,yes,
居口放线菌,,,,,,,,yes,
龈炎普雷沃氏菌,,,,,,,,yes,
人多瘤病毒4型,,,,,,,,yes,
Yarrowia_keelungensis(耶氏酵母属真菌),,,,,,,,yes,
长滩军团菌,,,,,,,,yes,
产气荚膜梭菌,,,,,,,,yes,
Pseudomonas_asiatica(假单胞菌属细菌）,,,,,,,,yes,
孔兹创伤球菌,,,,,,,,yes,
酿脓链球菌,,,,,,,,yes,
布鲁氏菌属,,,,,,,,yes,
Chryseobacterium arthrosphaerae(金黄杆菌属细菌),,,,,,,,yes,
软弱乏养菌,,,,,,,,yes,
解脂耶氏酵母,,,,,,,,yes,
伊朗分枝杆菌,,,,,,,,yes,
哥伦比亚分枝杆菌,,,,,,,,yes,
金色黏液棒杆菌,,,,,,,,yes,
鲁氏不动杆菌,,,,,,,,yes,
舟形梭杆菌,,,,,,,,yes,
嵴链球菌,,,,,,,,yes,
亚洲镰孢菌,,,,,,,,yes,
厌氧消化链球菌,,,,,,,,yes,
非解乳链球菌,,,,,,,,yes,
Citrobacter portucalensis（柠檬酸菌属细菌）,,,,,,,,yes,
副热带芽孢杆菌,,,,,,,,yes,
变黑普雷沃氏菌,,,,,,,,yes,
耻垢分枝杆菌,,,,,,,,yes,
小核形巨球菌,,,,,,,,yes,
Actinomyces bouchesdurhonensis(放线菌属细菌),,,,,,,,yes,
当别町韦荣球菌,,,,,,,,yes,
Streptococcus_timonensis（链球菌属细菌）,,,,,,,,yes,
毗邻乏养菌,,,,,,,,yes,
少动鞘氨醇单胞菌,,,,,,,,yes,
龟脓肿分枝杆菌复合群,,,,,,,,yes,
马萨分枝杆菌,,,,,,,,yes,
结核硬脂酸棒杆菌,,,,,,,,yes,
互格链格孢,,,,,,,,yes,
乳糖奈瑟球菌,,,,,,,,yes,
链状念珠菌,,,,,,,,yes,
小不动杆菌,,,,,,,,yes,
柯氏气球菌,,,,,,,,yes,
类鼻疽伯克霍尔德菌,,,,,,,,yes,
草酸青霉菌,,,,,,,,yes,
Fastidiosipila sanguinis,,,,,,,,yes,
乳酪短杆菌,,,,,,,,yes,
灰色小克银汉霉,,,,,,,,yes,
Chryseobacterium_culicis(金黄杆菌属细菌),,,,,,,,yes,
食荧蒽分枝菌酸杆形菌,,,,,,,,yes,
居线虫普罗维登斯菌,,,,,,,,yes,
Psychromonas_arctica,,,,,,,,yes,
戴尔根霉,,,,,,,,yes,
酿酒酵母,,,,,,,,yes,
阪崎杆菌,,,,,,,,yes,
无名念珠菌,,,,,,,,yes,
隐蔽伯克霍尔德菌,,,,,,,,yes,
猪戊型肝炎病毒,,,,,,,,yes,
贝氏立克次体,,,,,,,,yes,
银色葡萄球菌,,,,,,,,yes,
枝孢样支孢霉,,,,,,,,yes,
苍白密螺旋体苍白亚种,,,,,,,,yes,
杜氏利什曼原虫,,,,,,,,yes,
婴儿利什曼原虫,,,,,,,,yes,
恙虫病东方体,,,,,,,,yes,
耐金属贪铜菌,,,,,,,,yes,
桔青霉,,,,,,,,yes,
昭和弯曲杆菌,,,,,,,,yes,
施氏假单胞菌,,,,,,,,yes,
Prescottella_equi(红球菌属细菌）,,,,,,,,yes,
支气管脓毒鲍特菌,,,,,,,,yes,
冷明串珠菌,,,,,,,,yes,
黑马朗假丝酵母,,,,,,,,yes,
棉子糖乳球菌,,,,,,,,yes,
腐生葡萄球菌,,,,,,,,yes,
Pseudomonas bubulae(假单胞菌属细菌),,,,,,,,yes,
赫氏埃希菌,,,,,,,,yes,
肠氨基酸球菌,,,,,,,,yes,
沼泽考克氏菌,,,,,,,,yes,
土罐形支原体,,,,,,,,yes,
萜烯诺卡菌,,,,,,,,yes,
尼泊尔葡萄球菌,,,,,,,,yes,
Dermabacter_jinjuensis（皮杆菌属细菌）,,,,,,,,yes,
嗜热毁丝霉,,,,,,,,yes,
Clostridium ventriculi(梭菌属细菌),,,,,,,,yes,
猿猴假单胞菌,,,,,,,,yes,
溶血孪生球菌,,,,,,,,yes,
活泼瘤胃球菌,,,,,,,,yes,
多枝梭菌,,,,,,,,yes,
普拉栖粪杆菌,,,,,,,,yes,
简明弯曲杆菌,,,,,,,,yes,
动物双歧杆菌,,,,,,,,yes,
死亡梭杆菌,,,,,,,,yes,
卫星沙特尔沃思菌,,,,,,,,yes,
卵形拟杆菌,,,,,,,,yes,
瘘管口腔杆菌,,,,,,,,yes,
鲁兰无色杆菌,,,,,,,,yes,
刚地弓形虫,,,,,,,,yes,
苍黄肠球菌,,,,,,,,yes,
Brachybacterium_paraconglomeratum,,,,,,,,yes,
球支孢霉,,,,,,,,yes,
广泛不动杆菌,,,,,,,,yes,
问号钩端螺旋体,,,,,,,,yes,
Bergeyella_cardium(伯杰菌属细菌）,,,,,,,,yes,
大芬戈尔德菌,,,,,,,,yes,
小儿链球菌,,,,,,,,yes,
罗伦隐球菌,,,,,,,,yes,
唐菖蒲伯克霍尔德菌,,,,,,,,yes,
艰难梭菌,,,,,,,,yes,
西伯利亚立克次体,,,,,,,,yes,
荚膜组织胞浆菌,,,,,,,,yes,
加拿大假单胞菌,,,,,,,,yes,
Herbaspirillum_aquaticum(草螺菌属细菌）,,,,,,,,yes,
人多瘤病毒2型,,,,,,,,yes,
Anaerococcus_marasmi(厌氧球菌属细菌),,,,,,,,yes,
卷枝毛霉,,,,,,,,yes,
路邓葡萄球菌,,,,,,,,yes,
食醇鞘氨醇杆菌,,,,,,,,yes,
普通拟杆菌,,,,,,,,yes,
Exophiala_lecanii-corni（外瓶霉属真菌）,,,,,,,,yes,
宛氏拟青霉,,,,,,,,yes,
食多糖普雷沃菌,,,,,,,,yes,
Tractidigestivibacter_scatoligenes,,,,,,,,yes,
假希木龙念珠菌,,,,,,,,yes,
棒曲霉,,,,,,,,yes,
布拉奇亚甲基杆菌,,,,,,,,yes,
半裸镰刀菌,,,,,,,,yes,
双路普雷沃菌,,,,,,,,yes,
凝结芽胞杆菌,,,,,,,,yes,
Neoactinobaculum_massilliense,,,,,,,,yes,
黑尔嗜胨菌,,,,,,,,yes,
阑尾炎棒状杆菌,,,,,,,,yes,
Treponema_porcinum(密螺旋体属细菌),,,,,,,,yes,
假双歧杆菌,,,,,,,,yes,
液化沙雷菌,,,,,,,,yes,
恶性疟原虫,,,,,,,,yes,
Fusarium coffeatum（镰刀菌属真菌）,,,,,,,,yes,
Enterobacter mori(肠杆菌属细菌),,,,,,,,yes,
稳定伯克霍尔德菌,,,,,,,,yes,
摩氏假单胞菌,,,,,,,,yes,
Skermanella aerolata(斯科尔曼氏菌属细菌),,,,,,,,yes,
氧化微杆菌,,,,,,,,yes,
消化嗜冷杆菌,,,,,,,,yes,
拉兹分枝杆菌,,,,,,,,yes,
解乳糖厌氧球菌,,,,,,,,yes,
嗜淋巴丙酸微菌,,,,,,,,yes,
巴氏棘阿米巴,,,,,,,,yes,
Carnobacteriuminhibens,,,,,,,,yes,
模仿葡萄球菌,,,,,,,,yes,
关节炎诺卡菌,,,,,,,,yes,
人多瘤病毒1型,,,,,,,,yes,
创伤弧菌,,,,,,,,yes,
灰色奈瑟球菌,,,,,,,,yes,
兔脑炎微孢子菌,,,,,,,,yes,
Aspergillus_brunneoviolaceus（曲霉属真菌）,,,,,,,,yes,
清酒假丝酵母,,,,,,,,yes,
日本立克次体,,,,,,,,yes,
诺卡氏菌李斯特菌,,,,,,,,yes,
产左聚糖微杆菌,,,,,,,,yes,
HPgV病毒A型,,,,,,,,yes,
Pseudomonas juntendi(假单胞菌属细菌),,,,,,,,yes,
马拉色菌属细菌,,,,,,,,yes,
汉坦病毒,,,,,,,,yes,
Actinomyces bouchesdurhonensis(放线菌属细菌),,,,,,,,yes,
第八厌氧球菌,,,,,,,,yes,
短隐杆菌,,,,,,,,yes,
小麦布鲁氏菌,,,,,,,,yes,
粪类圆线虫,,,,,,,,yes,
苛养诺卡菌,,,,,,,,yes,
坏死梭杆菌,,,,,,,,yes,
考克斯嗜胨菌,,,,,,,,yes,
四联厌氧球菌,,,,,,,,yes,
约翰逊不动杆菌,,,,,,,,yes,
破伤风梭菌,,,,,,,,yes,
人类疱疹病毒7型,,,,,,,,yes,
人类疱疹病毒1型(HSV1),,,,,,,,yes,
人类疱疹病毒4型(EBV),,,,,,,,yes,
人类疱疹病毒5型(CMV),,,,,,,,yes,
白色念珠菌,,,,,,,,yes,
鸟分枝杆菌复合群,,,,,,,,yes,
粘质沙雷菌,,,,,,,,yes,
多杀巴斯德菌,,,,,,,,yes,
中间型链球菌,,,,,,,,yes,
欧洲分枝杆菌,,,,,,,,yes,
细环病毒28型,,,,,,,,yes,
多噬伯克霍尔德菌,,,,,,,,yes,
-,,,,,,,,yes,
长双歧杆菌,,,,,,,,yes,
坎那分枝杆菌,,,,,,,,yes,
圣乔治诺卡菌,,,,,,,,yes,
共栖外瓶霉,,,,,,,,yes,
羚羊分枝杆菌,,,,,,,,yes,
波斯分枝杆菌,,,,,,,,yes,
霍德勒分枝杆菌,,,,,,,,yes,
别列津不动杆菌,,,,,,,,yes,
尖端赛多孢子菌,,,,,,,,yes,
人类疱疹病毒8型,,,,,,,,yes,
吉普斯诺卡氏菌,,,,,,,,yes,
深红沙雷菌,,,,,,,,yes,
人类疱疹病毒3型(VZV),,,,,,,,yes,
轻型链球菌,,,,,,,,yes,
博伊德赛多孢子菌,,,,,,,,yes,
斯氏分枝杆菌,,,,,,,,yes,
流产衣原体,,,,,,,,yes,
玛格丽特分枝杆菌,,,,,,,,yes,
都柏林念珠菌,,,,,,,,yes,
鼻疽诺卡菌,,,,,,,,yes,
猿分枝杆菌,,,,,,,,yes,
格特隐球菌,,,,,,,,yes,
JC多瘤病毒,,,,,,,,yes,
人类细小病毒B19,,,,,,,,yes,
假巴西诺卡菌,,,,,,,,yes,
石蜡分枝杆菌,,,,,,,,yes,
广州管圆线虫,,,,,,,,yes,
柯萨奇病毒A6型,,,,,,,,yes,
丹羽诺卡菌,,,,,,,,yes,
荒尾诺卡菌,,,,,,,,yes,
雪利分枝杆菌,,,,,,,,yes,
加的斯分枝杆菌,,,,,,,,yes,
薛氏曲霉,,,,,,,,yes,
诺卡菌*,,,,,,,,yes,
白色链霉菌,,,,,,,,yes,
日本乙型脑炎病毒,,,,,,,,yes,
柯萨奇病毒A24型,,,,,,,,yes,
布鲁菌属,,,,,,,,yes,
贝纳柯克斯体,,,,,,,,yes,
斑疹伤寒立克次体,,,,,,,,yes,
白喉棒状杆菌,,,,,,,,yes,
化脓性链球菌,,,,,,,,yes,
人类呼吸道合胞体病毒,,,,,,,,yes,
人呼吸道病毒3,,,,,,,,yes,
人呼吸道病毒1,,,,,,,,yes,
正汉坦病毒,,,,,,,,yes,
人类免疫缺陷病毒1,,,,,,,,yes,
/,,,,,,,,yes,
双埃柯病毒A型,,,,,,,,yes,
人呼吸道病毒1型,,,,,,,,yes,
新型布尼亚病毒,,,,,,,,yes,
人呼吸道病毒3型,,,,,,,,yes,
人类疱疹病毒4型（EBV）,,,,,,,,yes,
人类疱疹病毒1型（HSV1）,,,,,,,,yes,
人类疱疹病毒5型（CMV）,,,,,,,,yes,
人类多瘤病毒1型（BK病毒）,,,,,,,,yes,
羊布鲁氏菌,,,,,,,,yes,
人类疱疹病毒2型（HSV2）,,,,,,,,yes,
圣乔治教堂诺卡菌,,,,,,,,yes,
人类疱疹病毒3型（VZV）,,,,,,,,yes,
人类多瘤病毒4型,,,,,,,,yes,
蜡样芽孢杆菌复合群,,,,,,,,yes,
人类多瘤病毒2型（JC病毒）,,,,,,,,yes,
灵长类第四细小病毒1型,,,,,,,,yes,
耳炎假单胞菌,,,,,,,,yes,
瘰疬分枝杆菌,,,,,,,,yes,
可可毛色二孢菌,,,,,,,,yes,
三上氏诺卡菌,,,,,,,,yes,
灵长目红细胞细小病毒1型,,,,,,,,yes,
塔宾曲霉,,,,,,,,yes,
伞枝横梗霉,,,,,,,,yes,
按蚊伊丽莎白金菌,,,,,,,,yes,
代尔夫特菌*,,,,,,,,yes,
藤仓镰刀菌复合群,,,,,,,,yes,
粘质沙雷氏菌,,,,,,,,yes,
变栖克雷伯菌,,,,,,,,yes,
液化沙雷氏菌,,,,,,,,yes,
吉拉尔迪贪铜菌,,,,,,,,yes,
细环病毒29型,,,,,,,,yes,
肝炎病毒C型,,,,,,,,yes,
细环病毒24型,,,,,,,,yes,
人类疱疹病毒2型(HSV2),,,,,,,,yes,
解脲支原体,,,,,,,,yes,
腿伤克斯特氏菌,,,,,,,,yes,
苯丙酮酸嗜冷杆菌,,,,,,,,yes,
细环病毒18型,,,,,,,,yes,
SEN病毒,,,,,,,,yes,
总状毛霉,,,,,,,,yes,
细环病毒22型,,,,,,,,yes,
食酸代尔夫特菌,,,,,,,,yes,
细环病毒13型,,,,,,,,yes,
茄病镰刀菌复合群,,,,,,,,yes,
诺沃克病毒,,,,,,,,yes,
博卡病毒1型,,,,,,,,yes,
土生拉乌尔菌,,,,,,,,yes,
巴黎军团菌,,,,,,,,yes,
少根根霉,,,,,,,,yes,
类肺炎克雷伯氏菌,,,,,,,,yes,
日勾维肠杆菌,,,,,,,,yes,
星状病毒VA3,,,,,,,,yes,
单不动杆菌,,,,,,,,yes,
人细小病毒B19,,,,,,,,yes,
茴香军团菌,,,,,,,,yes,
微孢根霉,,,,,,,,yes,
脓肿诺卡氏菌,,,,,,,,yes,
人类疱疹病毒4型,,,,,,,,yes,
人类疱疹病毒1型,,,,,,,,yes,
尖孢镰刀菌复合群,,,,,,,,yes,
银白色葡萄球菌,,,,,,,,yes,
人类疱疹病毒6B型(HHV-6B),,,,,,,,yes,
光滑奈卡菌,,,,,,,,yes,
鸟-胞内分支杆菌复合群,,,,,,,,yes,
解乳消化链球菌,,,,,,,,yes,
普氏厌氧球菌,,,,,,,,yes,
细环病毒19型,,,,,,,,yes,
细环病毒5型,,,,,,,,yes,
洛氏普雷沃氏菌,,,,,,,,yes,
多布沙假丝酵母,,,,,,,,yes,
普通变形杆菌,,,,,,,,yes,
乌尔辛不动杆菌,,,,,,,,yes,
潘氏变形杆菌,,,,,,,,yes,
Talaromyces piceae,,,,,,,,yes,
小细环病毒7型,,,,,,,,yes,
产黑色素普雷沃菌,,,,,,,,yes,
延长奈瑟菌,,,,,,,,yes,
革氏放线菌（格雷文尼放线菌）,,,,,,,,yes,
溶血孪生菌,,,,,,,,yes,
龈沟真杆菌,,,,,,,,yes,
山曲霉,,,,,,,,yes,
乌达加瓦曲霉,,,,,,,,yes,
人传染性软疣病毒,,,,,,,,yes,
细环病毒11型,,,,,,,,yes,
赛伯林黛拉·法比亚尼,,,,,,,,yes,
匍匐根霉,,,,,,,,yes,
细环病毒9型,,,,,,,,yes,
巴西诺卡菌,,,,,,,,yes,
肾脏钩端螺旋体,,,,,,,,yes,
黄褐二氧化碳嗜纤维菌,,,,,,,,yes,
中间普雷沃氏菌,,,,,,,,yes,
麻疹孪生菌,,,,,,,,yes,
美容品分枝杆菌,,,,,,,,yes,
