病原名称,拉丁名称,生物分类编号,同义词,病原体类型,病原体分类,世系信息,病原危害程度分类,生物安全等级,形态结构,图片,宿主分布,传播方式,易感性因素,人际传播力,致病力,相关疾病,人畜共患病,疾病等级,病死率,感染组织,疾病潜伏期,临床表型,流行季节,流行地域,历史爆发情况,参考基因组,参考基因组链接,GC含量（%）,基因组大小,分型,人类宿主受体,宿主结合蛋白,毒力因子,检测方法,疫苗有无,疫苗信息描述,药物有无,药物信息描述,抗原,灭活方法,,,,,
小反刍兽疫病毒,peste-des-petits-ruminants virus,2593991,PPR,病毒,单链RNA病毒,Viruses; Riboviria; Orthornavirae; Negarnaviricota; Haploviricotina; Monjiviricetes; Mononegavirales; Paramyxoviridae; Orthoparamyxovirinae; Morbillivirus; Morbillivirus caprinae,1,BSL-3 ,,,绵羊，山羊，家养鹿、瞪羚，野山羊，猪和牛等,该病需要动物直接接触才能传播。病毒来源包括：受感染动物的粪便；鼻涕；咳嗽产生的分泌物；以及眼泪。,绵羊和山羊是感染PPR 的常见动物，其中山羊感染情况更为严重,无传染性,高致病性,与牛瘟麻疹病毒、人麻疹病毒（麻疹病毒）和犬麻疹病毒（也称为犬瘟热病毒）等密切相关,否,,在流行环境中急性病例的死亡率可达到 80-100％,消化道，口腔黏膜等,3-5 天,口腔坏死、粘液脓性鼻涕和眼分泌物、咳嗽、肺炎和腹泻,,北非、中非、西非和东非、中东、南亚和南欧,该病于 1942 年在科特迪瓦首次被报道，此后已在世界 70 多个国家发现。2017 年，据报道该疾病影响了蒙古的赛加羚羊，导致这一濒危物种数量近乎灾难性地减少。2018 年，有报道称保加利亚靠近土耳其边境的地方发现了这种疾病。在 540 只绵羊和山羊的羊群中，有两只检测呈阳性，一只死亡，只有一家实验室确认了这种疾病，没有进行任何进一步的检测。尽管如此，仍有超过 4000 只绵羊和山羊被杀。,GCF_000866445.1,https://www.ncbi.nlm.nih.gov/datasets/genome/GCF_000866445.1/,48,15.9 kb,西非（谱系 I 和 II）、东非和阿拉伯（谱系 III）以及巴基斯坦-印度（谱系 IV）,,目前，已知 PPRV 有两种细胞受体：信号淋巴细胞活化分子 (SLAM) 和 Nectin-4 [1],," 核酸检测：聚合酶链式反应(PCR); 抗原检测：酶联免疫吸附试验(ELISA)

",有,接种减毒株小反刍兽疫疫苗的绵羊和山羊，或从小反刍兽疫中恢复的动物，会对该病产生终身的主动免疫。目前有几种小反刍兽疫疫苗可用，所有这些疫苗都是自然小反刍兽疫病毒的细胞培养减毒株。最常用的两种疫苗株（Nigeria/75/1 和 Sungri/96）在实验试验中均已证明能够保护动物免受所有谱系的小反刍兽疫病毒的感染；Nigeria/75/1 疫苗在多个国家的实际使用中也被证明能够提供如此全面的跨谱系保护。,无,,,被紫外线灭活。高于 70°C 的温度以及 pH 值低于 5.6 或高于 9.6 也预计会使 PPRV 失活. 可被许多消毒剂灭活，包括碱（碳酸钠、氢氧化钠）、卤素（次氯酸钠）、酚类化合物、柠檬酸、醇类和碘化氢。,"[1] Prajapati M, Alfred N, Dou Y, Yin X, Prajapati R, Li Y, Zhang Z. Host Cellular Receptors for the Peste des Petits Ruminant Virus. Viruses. 2019 Aug 8;11(8):729. doi: 10.3390/v11080729. ",,,,
埃弗格莱兹病毒,Everglades virus,2083198,艾弗格拉德斯病毒 ,病毒,单链RNA病毒,Viruses; Riboviria; Orthornavirae; Kitrinoviricota; Alsuviricetes; Martellivirales; Togaviridae; Alphavirus,第二类,BSL-3,,https://www.ncbi.nlm.nih.gov/Taxonomy/taxi/images/24549,啮齿动物/人类/蚊子,蚊虫传播,不知,中传染性,中致病性,,是,,,,,头痛、发烧、肌肉酸痛,,持续流行(美国),,GCF_002829865.1?,https://www.ncbi.nlm.nih.gov/nuccore/1464309597,49.8,"	11.4 kb",,,,,,无,,无,,,,"[1] 7444536 
[2] 31107225 ",,,,
奥罗普切病毒,Orthobunyavirus oropoucheense,3052429,Oropouche orthobunyavirus; Oropouche virus;OROV,病毒,单链RNA,Viruses; Riboviria; Orthornavirae; Negarnaviricota; Polyploviricotina; Ellioviricetes; Bunyavirales; Peribunyaviridae; Orthobunyavirus,II,BSL-3,病毒颗粒是球形的，直径在 80 到 110 nm 之间，周围环绕着脂质包膜[1],,哺乳动物（三趾树懒、非人类灵长类动物及啮齿类动物）和鸟类，人类,主要由媒介吸血昆虫如蚊、蠓等叮咬传播,,低传染性,中致病性,奥罗普切热,,,,,4~8天,通常伴有发热、剧烈头痛、关节僵硬、疼痛、发冷，有时持续恶心和呕吐，持续长达 7 天,,主要在中美洲（巴拿马、特立尼达及多巴哥）以及南美洲（巴西和秘鲁）流行传播,"第一次有记录的 OROV 发热疫情发生在贝伦，这是帕拉州人口最多的一个城市，以其雨林和亚马逊河而闻名，1961 年感染了大约 11,000 人[2]。在同一时期，帕拉州城市中心报告了七起 OROV 热疫情，感染人数约 30,000 人[3]。截至 2024 年 7 月 20 日，美洲区域共报告了 8078 例确诊的奥罗普切病例，包括 2 例死亡病例，涉及玻利维亚、巴西、哥伦比亚、古巴和秘鲁五个国家。巴西还报告了伯南布哥州的一例胎儿死亡和一例流产，以及四例可能与 OROV 感染有关的新生儿小头畸形病例。",GCF_000853785.1,https://www.ncbi.nlm.nih.gov/datasets/genome/GCF_000853785.1/,35.2 ~ 35.6,12 kb,,Lrp1[4],,,抗原检测：酶联免疫吸附试验(ELISA),无,,无,,,,[1]5417190.                [2]9080872.               [3]38224842.          [4]35939689.,,,,
波瓦森病毒,"Orthoflavivirus powassanense;
Powassan virus",3048287,,病毒,单链RNA病毒,Viruses; Riboviria; Orthornavirae; Kitrinoviricota; Flasuviricetes; Amarillovirales; Flaviviridae; Orthoflavivirus,2,BSL-3,,"https://www.ncbi.nlm.nih.gov/Structure/mmdb/mmdbsrv.cgi?dps=0&uid=7KYL

https://eol.org/pages/541211",该病毒可通过总共六种已知的蜱虫叮咬传播；包括以下四种硬蜱：库克硬蜱、肩突硬蜱、马克氏硬蜱和棘须硬蜱以及安德森革蜱和多变革蜱。,波瓦桑病毒 (POWV) 是北美洲唯一一种蜱传黄病毒。,"远足
钓鱼
狩猎
露营
园艺
遛狗
其他户外休闲运动（如：打高尔夫球）",,,该疾病可发展为脑炎、脑膜脑炎或无菌性脑膜炎。,是,,"10%（加拿大，Cleveland Clinic, CDC）;
16%（ThuftsNow）",皮肤（UBERON: 0002097）、嘴巴（UBERON: 0000165）、肛门、直肠（UBERON: 0001052）、生殖器,"1周至5周(CDC);
1 周至 1 个月(Rhode Island State)","感染的体征和症状包括：
发烧
癫痫发作
呕吐
弱点
困惑
头痛
记忆丧失

对于某些人来说，波瓦桑病毒病可导致：
脑炎（脑部炎症）
脑膜炎（大脑和脊髓周围膜的炎症） ",病例主要发生在晚春至仲秋，此时蜱虫最活跃。  ,"波瓦桑病毒 (POWV) 是北美洲唯一一种蜱传黄病毒。美国、加拿大和俄罗斯均有报告称 POWV 导致人类患病。

在美国，POWV 发病率最高的是明尼苏达州和威斯康星州，马萨诸塞州和纽约州的发病率也高于五大湖区或东北部地区的其他州。","已报告病例（2001 年至今）
2001 年至 2010 年间，美国共确诊 33 例波瓦桑病毒感染病例。[ 7 ]

2017 年发表了一例罕见病例，康涅狄格州一名 5 个月大的男婴感染了波瓦桑病毒。在 10 个月大的随访中，他幸存下来，运动和语言发育正常，但头部 MRI 显示脑部严重异常，包括两侧丘脑和基底神经节出现瘢痕（神经胶质增生）和软化（脑软化），以及左侧基底神经节出现体积减少和早期矿化。[ 22 ]

2019年10月28日，美国前参议员凯·哈根因2016年感染波瓦桑病毒去世，享年66岁。[ 23 ]

2022 年 5 月，康涅狄格州公共卫生部证实，一名 50 多岁的男子于 3 月在该州感染了Powassan 病毒，并因严重的神经症状住院，但后来出院在家休养。 [ 24 ] 2023 年 5 月，缅因州疾病控制和预防中心报告称，萨加达霍克县一名 58 岁的成年男性死于Powassan 病毒。[ 25 ]

2024 年 6 月 3 日，艺术家、作家兼音乐家玛丽安·哈里斯（Charles de Lint的配偶兼长期合作者）在与波瓦桑病毒长期斗争后去世，享年 71 岁。哈里斯于 2021 年感染了该病毒，随后瘫痪。她随后几年大部分时间都在医院和其他护理机构度过。[ 26 ]","GCA_000860485.1;  
GCA_004786555.1",https://www.ncbi.nlm.nih.gov/datasets/genome/?taxon=11083,, 10839bp,"波瓦桑病毒是一种RNA 病毒，分为两个独立的谱系：谱系 I，被称为“原型”谱系；谱系 II，即鹿蜱病毒(DTV) 谱系。[ 9 ]谱系 II 具有最多的遗传变异，这表明它很可能是由于正向自然选择而分裂出来的祖先谱系。（Wikipedia）

在西半球和俄罗斯发现了两种不同的 POWV 谱系。谱系 I 是 POWV，谱系 II 是 DTV。尽管存在一些系统发育差异，但这两个谱系共享 84% 的核苷酸和 94% 的氨基酸序列（23、24 ）。它们还具有抗原相似性，并被认为具有共同的起源。（Frontiers）",T 细胞免疫球蛋白和粘蛋白结构域 1 (TIM-1) ?,,"NS1 (L838F), NS3 (N2078T), NS4B (A2444S and A2457V), and NS5 (G2670E)?

好像尚不是很清楚？","Powassan 病毒感染的实验室诊断通常通过检测血清或脑脊液 （CSF） 以检测 Powassan 病毒特异性 IgM 和中和抗体来完成。

使用 IgM 捕获酶联免疫吸附测定 （ELISA） 进行初始血清学检测。Powassan 病毒 IgM 检测可在市面上获得，在一些州卫生部门和 CDC 都有。
Powassan 病毒 IgM 抗体检测结果呈阳性，应通过在州公共卫生实验室或 CDC 对血清样本进行中和抗体检测（噬菌斑减少中和试验 [PRNT]）来确认。
一些免疫功能低下的患者可能需要分子检测进行诊断。

可对病程早期采集的血清、脑脊液和组织标本进行病毒 RNA 检测（例如 RT-PCR），如果呈阳性，可确认感染。
免疫组织化学 （IHC） 可以检测福尔马林固定组织中的 Powassan 病毒抗原。
这些测试的阴性结果不排除 Powassan 病毒感染。
RT-PCR 和 IHC 在 CDC 和一些州公共卫生或参考实验室进行。",无,,无,,波瓦桑病毒 (POWV) 是一种蜱传黄病毒 (TBFV)，属于蜱传脑炎病毒 (TBEV) 血清群。POWV 与鹿蜱病毒 (DTV)（也称为 POWV 谱系 II）密切相关，这两种病毒是 TBEV 血清群中已知在北美传播的唯一 TBFV。,,"[1]	https://www.ncbi.nlm.nih.gov/Taxonomy/Browser/wwwtax.cgi?mode=Info&id=3048287&lvl=3&lin=f&keep=1&srchmode=1&unlock
[2]	https://eol.org/pages/541211
[3]	https://www.bu.edu/research/ethics-compliance/safety/rohp/agent-information-sheets/powassan-virus-agent-information-sheet/
[4]	https://www.frontiersin.org/journals/public-health/articles/10.3389/fpubh.2017.00342/full""
[5]	https://view.officeapps.live.com/op/view.aspx?src=https%3A%2F%2Fwjw.fujian.gov.cn%2Fjggk%2Fcsxx%2Fkjjyc%2Fswaq_202112%2F202406%2FP020240624639399447309.docx&wdOrigin=BROWSELINK
[6]	""https://www.ncbi.nlm.nih.gov/Structure/mmdb/mmdbsrv.cgi?dps=0&uid=7KYL
[7]	https://eol.org/pages/541211""
[8]	https://en.wikipedia.org/wiki/Powassan_virus
[9]	https://www.canada.ca/en/public-health/services/diseases/powassan-virus/risks.html
[10]	https://www.cdc.gov/powassan/hcp/clinical-signs/index.html
[11]	https://my.clevelandclinic.org/health/diseases/25092-powassan-virus
[12]	https://now.tufts.edu/2017/07/11/rare-viral-disease-rise""
[13]	https://health.ri.gov/diseases/ticks/?parm=150""
[14]	https://www.yalemedicine.org/conditions/powassan-virus
[15]	https://www.ncbi.nlm.nih.gov/datasets/genome/?taxon=11083
[16]	https://www.ncbi.nlm.nih.gov/nuccore/NC_003687.1
[17]	https://pubmed.ncbi.nlm.nih.gov/35073759/
[18]	https://journals.plos.org/plosntds/article?id=10.1371/journal.pntd.0005346
[19]	https://www.cdc.gov/powassan/hcp/diagnosis-testing/index.html
[20]	https://www.cdc.gov/powassan/hcp/treatment-prevention/index.html",,,,
大别班达病毒（发热伴血小板减少综合征病毒）,Bandavirus dabieense,2748958,Huaiyangshan banyangvirus,病毒,负向单链RNA病毒,Viruses; ?Negarnaviricota; Ellioviricetes; Bunyavirales; Phenuiviridae; Bandavirus;?Dabie bandavirus,,BSL-2,,,人; 蜱虫; 羊; 猪; 猫; 狗; 鼠,可透過直接接觸急性期、末期或死亡病患之血液、體液或呼吸道飛沫顆粒 而導致感染。蜱蟲伺機攀附到經過的動物、寵物或人類身上，人類是遭帶有 SFTSV 的蜱蟲叮咬而感染。,农业工作者,低传染性,中致病性,发热伴血小板减少综合征,否,未分类，参照乙类传染病管理,5-15%,肝、肾,5-14天,SFTS患者一般表现为起病急，发热（多在38℃以上）、乏力、精神萎靡，有明显的恶心、呕吐、腹泻等早期消化道症状，伴有头痛、肌肉关节酸痛、行动困难、少尿等。查体可见单侧浅表淋巴结肿大，腹部压痛等体征。大多数患者很快出现肝、肾等器官功能受损，少数病例因病情进展迅速出现神经中枢系统症状、出血性表现、弥漫性血管内凝血（DIC）、休克、呼吸衰竭等，最终因多脏器功能衰竭而死亡。,春、夏季,中国; 日本; 韩国,"中國自 2010 年 10 月起監測發熱伴血小板減少綜合症之流行情形，2021 年 5 月計至 2016 年計有 5,360 位確診病例，主要分布於中部之山東、江蘇、安徽、河南、湖北、浙江及遼寧等地區。日本則自 2013 年起有 SFTS 病例報告，截至 2020 年 12 月 30 日累計有 573 位確診病例，其中 75 例死亡個案，致死率為 13.1%，病例主要分布於西部及南部 7。南韓亦自 2013 年起開始有 SFTS 病例，2019 年當年度累計有 223 位確診病例，其中 41 例死亡個案，致死率為 18.4%，病例以北部江原道及京畿道為多",GCF_000897355.1;??GCF_003087855.1;??GCF_029888005.1?,https://www.ncbi.nlm.nih.gov/assembly/GCF_000897355.1; https://www.ncbi.nlm.nih.gov/assembly/GCF_003087855.1; https://www.ncbi.nlm.nih.gov/assembly/GCF_029888005.1,48.4 ~ 49.2,6255 bp,无,内环细胞 （DC） 特异性细胞内粘附抓取非集成素[1],内环细胞 （DC） 特异性细胞内粘附抓取非集成素[1],,无,无,无,本病目前尚无特异性治疗手段，以对症治疗和支持治疗为主,无,Gn/Gc蛋白,,[1] Severe fever with thrombocytopenia virus glycoproteins are targeted by neutralizing antibodies and can use DC-SIGN as a receptor for pH-dependent entry into human and animal cell lines. J Virol. 2013;87:4384–94.,,,,
登革热病毒,Orthoflavivirus denguei,3052464,,病毒,RNA病毒,Viruses; Riboviria; Orthornavirae; Kitrinoviricota; Flasuviricetes; Amarillovirales; Flaviviridae; Orthoflavivirus,,,,https://eol.org/pages/541236/articles,人类,蚊子叮咬,成人、儿童,中传染性（人-蚊-人）,中致病性,登革热,是,中国法定乙类传染病,10-40%,肌肉、关节,4-10天,高烧（40°C/104°F）、剧烈头痛、眼球后疼痛、肌肉和关节痛、恶心、呕吐、腺体肿胀、皮疹,夏秋季,见于全球热带和亚热带气候地区，多发生在城市和半城市地区,目前，世界上约有一半的人口面临登革热感染风险，估计每年有1亿至4亿人感染。,"GCF_000871845.1；
",https://www.ncbi.nlm.nih.gov/nuccore/158976983,46,10.7 kb,四个血清型（登革1型~4型）,,,,1.病原性检查   2.血清免疫学检查,有,有一种疫苗（QDenga）已在一些国家获得批准和许可。但是，仅建议在高传播环境中用于6 至 16 岁年龄组的儿童。正在对另外几种疫苗进行评估。,无,,,60度30min或100度2min,"[1] Waggoner, J.J., et al., Viremia and Clinical Presentation in Nicaraguan Patients Infected Wi1. Waggoner, J.J., et al., Viremia and Clinical Presentation in Nicaraguan Patients Infected With Zika Virus, Chikungunya Virus, and Dengue Virus. Clinical Infectious Diseases, 2016. 63(12): p. 1584-1590.
 [2] Bhatt, S., et al., The global distribution and burden of dengue. Nature, 2013. 496(7446): p. 504–507.
 [3] Brady, O.J., et al., Refining the global spatial limits of dengue virus transmission by evidence-based consensus. PLOS Neglected Tropical Diseases, 2012. 6(8): p. e1760.",,,,
东方马脑炎病毒,Eastern equine encephalitis virus,11021,"Eastern equine encephalitis (EEEV), Western equine encephalitis (WEEV)",病毒,单链RNA病毒,"Viruses,Riboviria,Orthornavirae,Kitrinoviricota,Alsuviricetes,Martellivirales,Togaviridae,Alphavirus,Eastern",1,BSL-3,,,人类、爬行动物、蝙蝠、野鸡、野鸟、蚊子、马、狗和啮齿动物,主要的 EEEV 和 WEEV 传播周期发生在鸟类和蚊子之间（EEEV 的黑毛库蚊和 WEEV 的睑库蚊），这两种病毒都是通过节肢动物（如伊蚊、Coquillettidia 和库蚊属）叮咬自然传播给人类的，这些节肢动物以鸟类和人类为食,no,低传染性,高致病性,虫媒病毒脑炎,是,,东部马脑炎(EEE)是最严重的虫媒病毒性脑炎，死亡率为50%至75%，西部马脑炎病毒的死亡率为3- 7%,中枢神经系统,EEEV 的潜伏期超过 1 周（范围为 4-10 天），WEEV 的潜伏期为 2-7 天,东方马脑炎 （EEE） 是虫媒病毒脑炎中最严重的，死亡率为 50% 至 75%.该病的症状包括发烧、头痛、呕吐、呼吸道症状、白细胞增多、头晕、意识水平下降、震颤、癫痫发作和局灶性神经系统体征.感染后 3 至 5 天内可死亡脚注5.那些幸存下来的人患有神经系统后遗症，包括抽搐、瘫痪和智力低下.脑水肿、缺血和灌注不足存在于疾病的早期阶段.WEEV 在人类中引起无症状或轻度感染，具有非特异性症状，例如突然发热、头痛、恶心、呕吐、厌食和不适.一些患者还可能出现精神状态改变和虚弱，伴有脑膜刺激的体征.在极少数情况下，WEEV 感染可引起脑炎或脑脊髓炎，导致颈部僵硬、意识模糊、视觉障碍、畏光、强直阵挛发作、嗜睡、昏迷和死亡.15% 到 50% 的脑炎幸存者，尤其是幼儿，患有永久性神经损伤（智力低下、情绪不稳定和痉挛性麻痹）.西方马脑炎病毒的死亡率为 3-7 %,在加拿大，EEEV 引起的感染主要发生在春季；在美国，每年夏天都会发生小规模爆发；,EEEV 广泛分布于北美、中美洲和南美洲;加勒比地区;加拿大东部沿海地区;波兰;前苏联;泰国;菲律宾;和前捷克斯洛伐克,EEEV 广泛分布于北美、中美洲和南美洲;加勒比地区;加拿大东部沿海地区;波兰;前苏联;泰国;菲律宾;和前捷克斯洛伐克.在美国，由 EEEV 引起的人类感染通常是零星的，每年夏天都会发生小规模爆发，主要发生在大西洋和墨西哥湾沿岸.此外，疾病控制和预防中心报告称，1964 年至 2004 年间，美国发生了 220 例确诊的人类 EEE 病例.在加拿大，EEEV 引起的感染主要发生在春季，与鸟类从美国南部迁徙到加拿大北部有关.WEEV 病毒广泛分布在北美洲和南美洲，但在中美洲不存在.美国疾病控制和预防中心报告称，1964 年至 2004 年间，美国发生了 639 例确诊的人类 WEE 病例,GCA_000862705.1,https://www.ncbi.nlm.nih.gov/datasets/genome/GCF_000862705.1/,24.0 ~ 50.2,11.6  Kb,,,,no,EEEV 和 WEEV 感染均可使用血清学检测（如 ELISA）来检测血清和 CSF 中的 IgM 抗体，逆转录聚合酶链反应 （RT-PCR） 和实时 RT-PCR 等分子生物学方法也可用于检测临床标本中的 WEEV/EEEV 特异性 RNA,无,Imovax Rabies，人类二倍体细胞疫苗(HDCV)，或RabAvert，一种纯化鸡胚细胞疫苗(PCECV)。,无,无,,EEEV 可通过暴露于浓度为 50% 的乙醇 60 分钟来灭活脚注8.大多数包膜病毒也对 1% 次氯酸钠、2% 戊二醛、季铵化合物和酚类物质敏感，物理灭活：使用湿热和干热可以灭活微生物脚注11.EEEV 可被紫外线灭活,,,,,
多理病毒,Thogotovirus dhoriense,11318,多里病毒,病毒,RNA 病毒,K_?Viruses?| P_?Negarnaviricota?| C_?Insthoviricetes?| O_?Articulavirales?| F_?Orthomyxoviridae?| G_?Thogotovirus?| S_?Dhori thogotovirus,第二类,BSL-3,,,哺乳动物/蜱虫/蚊子,,未知,,,,是,,,,,发烧、脑炎、头痛、虚弱,,持续流行(亚洲、欧洲),,GCF_002116195.1?,https://www.ncbi.nlm.nih.gov/nuccore/?from_uid=4857488&linkname=assembly_nuccore_refseq,45.8 ~ 45.8,"	10.6 kb",,,,,,,,,,,,[1] 3445590                          [2] 32230796 ,,,,
鄂木斯克出血热病毒,Orthoflavivirus omskense,3048233,omskense，Omsk   hemorrhagic fever virus,病毒,正义单链RNA病毒,"Viruses,Riboviria,Orthornavirae,Kitrinoviricota,Flasuviricetes,Amarillovirales,Flaviviridae,Orthoflavivirus,Orthoflavivirus",1,BSL-4,无,无,人类、麝鼠 （Ondatra zibethica）、窄头田鼠 （Microtus gregalis）、水田鼠 （Arvicola terrestris）、蜱虫 （Dermacentor reticulatus、Dermacentor marginatus?和 Ixodes apronophrus）和蚊子 （伊蚊 flavenscens?和?伊蚊 subdiversus)?.麝鼠、鼩鼱和水田鼠被认为是 OHF 病毒的有效扩增宿主,感染途径是接触 OHFV 感染的麝鼠的尿液、粪便或血液1-6以及通过受感染的蜱虫叮咬13-5.实验室获得性感染可因暴露于传染性气溶胶而发生,no,低传染性,无,OHF 的发作是突然的，发热持续 5 至 12 天.发热通常会缓解，之后 30% 至 50% 的患者会出现第二个发热期，通常比第一个发热期更严重.常见症状包括发烧、头痛、肌痛和咳嗽，以及心动过缓、脱水、低血压和胃肠道症状.OHF 的出血表现通常是流鼻血、牙龈出血、吐血、肺血和子宫非月经出血，在大多数情况下，这些表现不是特别严重.在第二阶段，患者可出现脑膜体征，但尚未报道神经系统受累.OHF 的恢复通常很慢，但后遗症不常见.死亡率为 0.5% 至 3%,是,中国法定乙类传染病,0.5 to 3%,无特异性,通常为 3 至 7 天，极端为 1 至 10 天,常见症状包括发烧、头痛、肌痛和咳嗽，以及心动过缓、脱水、低血压和胃肠道症状，OHF 的出血表现通常是流鼻血、牙龈出血、吐血、肺血和子宫非月经出血,秋天,"Russia(42),Unknown(5)",OHFV 在 1943 年至 1945 年间在西西伯利亚西部鄂木斯克农村地区爆发几次疫情后首次被发现 4。该病毒于 1947 年首次从后来流行期间从一名出血热患者的血液中分离出来37.OHFV 的天然病源位于鄂木斯克和新西伯利亚地区，以及西伯利亚的库尔干和秋明地区，这些地区主要是森林地区和开阔的湿地.与 OHFV 相关的典型景观是森林草原.OHF 的发病率最高是在第二次世界大战后的几年里观察到的，此后报告的感染人数大幅下降，这可能是由于生活在流行地区的人口进行了免疫接种.在 1946 年至 2000 年期间，至少诊断出 1344 例 OHF，表现为大规模流行、局部爆发和散发病例，其中 97% 的病例发生在北部森林草原地区.OHF 病例主要发生在 4 月至 12 月之间，最大的爆发通常发生在深秋（9 月和 10 月），当时在狩猎季节接触了感染 OHFV 的麝鼠。较小的爆发发生在蜱活动高峰期（Dermacentor reticulatus，4 月;Dermacentor marginatus，8 月至 9 月）,GCF_000855505.1,https://www.ncbi.nlm.nih.gov/datasets/genome/GCF_000855505.1/,53.0 ~ 53.7,11.9  Kb,,,,no,血清学诊断可使用 ELISA、中和、互补固定、IgM 捕获、RT-PCR 和血凝素抑制等技术进行,无,Imovax Rabies，人类二倍体细胞疫苗(HDCV)，或RabAvert，一种纯化鸡胚细胞疫苗(PCECV)。,有,无,无,"被 3% 至 8% 的甲醛、2% 的戊二醛、2% 至 3% 的过氧化氢、500 至 5,000 ppm 的有效氯、酒精、1% 碘和苯酚碘伏灭活，通过加热（50 至 60°C 至少 30 分钟）、紫外线和伽马射线灭活",,,,,
恩杜姆病毒,Ndumu virus,59302,,病毒,单链RNA病毒,K_?Viruses?| P_?Kitrinoviricota?| C_?Alsuviricetes?| O_?Martellivirales?| F_?Togaviridae?| G_?Alphavirus?| S_?Ndumu virus,第二类,BSL-3,,,人类/牲畜/蚊,蚊虫传播,,,,,是,,,,,,,持续流行(非洲),,GCF_000895975.1?,https://www.ncbi.nlm.nih.gov/datasets/genome/GCF_000895975.1/,48.8 ~ 51.5,11.7 kb,,,,,,无,,,,,,[1]23006778  ,,,,
非洲猪瘟病毒,African swine fever virus,10497,"ASFV, ASF",病毒,双链DNA病毒,Viruses; Varidnaviria; Bamfordvirae; Nucleocytoviricota; Pokkesviricetes; Asfuvirales; Asfarviridae; Asfivirus,I,BSL-3,ASFV 是一个大的 （175-215 nm）、[6] 二十面体双链 DNA 病毒，线性基因组为 189 kb，包含 180 多个基因。[7],https://www.ncbi.nlm.nih.gov/Taxonomy/taxi/images/5562,蜱虫与野猪、丛林猪和疣猪,"直接接触：通过与感染猪的直接接触传播。
间接接触：通过食用或接触被污染的猪肉产品传播。软蜱传播：通过软蜱（如 Ornithodoros 属）作为媒介传播。环境传播：通过被污染的环境、设备或人员传播。","猪的品种和年龄：不同品种和年龄的猪对ASFV的易感性可能有所不同。
环境条件：不良的卫生条件和密集的养殖环境增加了病毒传播的风险。
生物安全措施的缺乏：缺乏有效的生物安全措施会增加感染的可能性。
接触感染源：与感染猪、污染的猪肉产品或携带病毒的软蜱接触会增加易感性。
地理位置：在ASFV流行地区，猪群更容易受到感染。",低传染性,中致病性,"经典猪瘟、
病毒性出血热",否,一类动物疫病,100.00%,猪的免疫和血液系统,4~19天,"高烧：猪会出现高烧。
食欲不振：猪逐渐失去食欲。
皮肤变色：四肢、耳朵和腹部可能出现蓝紫色或出血。
行为异常：猪可能抑郁、发抖、呼吸异常。
快速死亡：严重感染可导致快速死亡。",无季节规律,全球性分布，主要分布于撒哈拉以南非洲、东欧和北欧。,"非洲：ASF最早在1921年肯尼亚被描述，最初局限于非洲大陆。该病毒在撒哈拉以南非洲是地方性存在，通过蜱虫与野猪、丛林猪和疣猪之间的感染循环传播。

欧洲：1957年，ASF首次在葡萄牙里斯本被报告，随后在1960年再次爆发。ASF在20世纪80年代传播到西班牙、法国、比利时等欧洲国家。西班牙和葡萄牙通过扑杀政策在1990年代中期成功根除该病。

加勒比地区：ASF曾跨越大西洋，在多米尼加共和国和海地等加勒比海岛屿爆发。

东欧和北欧：2007年，ASF在格鲁吉亚爆发，随后传播到亚美尼亚、阿塞拜疆、伊朗、俄罗斯和白俄罗斯，并在俄罗斯北高加索地区成为地方性流行病。2017年，拉脱维亚宣布非洲猪瘟紧急状态，捷克共和国也记录了其历史上首次ASF病例。

东亚：2018年，ASF传播到亚洲，影响了多个国家超过10%的猪群，导致严重的经济损失。

其他欧洲国家：2018年，ASF在比利时南部的野猪中爆发。2018年，罗马尼亚经历了全国范围的ASF疫情。2019年，保加利亚和斯洛伐克报告了ASF的首次爆发。2020年，希腊北部的一个限制区域也报告了ASF的首次爆发。",ON409979-ON409983,"https://www.ncbi.nlm.nih.gov/nuccore/ON409979 
https://www.ncbi.nlm.nih.gov/nuccore/ON409980
https://www.ncbi.nlm.nih.gov/nuccore/ON409981
https://www.ncbi.nlm.nih.gov/nuccore/ON409982
https://www.ncbi.nlm.nih.gov/nuccore/ON409983",平均 38.53,"171,004 - 184,521",根据编码主要衣壳蛋白 p72 的 B646L 基因 C 端区域的序列变异，非洲猪瘟病毒（ASFV）已被鉴定出22种基因型（I-XXIII）。,ASFV不感染人类,CD2v,"免疫调节蛋白：ASFV编码的蛋白质可以抑制受感染巨噬细胞中的信号通路，从而调节免疫反应基因的转录激活。这有助于病毒逃避宿主的免疫监视。

凋亡抑制蛋白：病毒编码的蛋白质可以抑制受感染细胞的凋亡，延长细胞存活时间，以便产生更多的后代病毒粒子。

与细胞粘附蛋白相似的病毒膜蛋白：这些蛋白质调节病毒感染细胞和细胞外病毒粒子与宿主成分的相互作用，可能有助于病毒的传播和感染效率。

这些毒力因子使ASFV能够有效感染宿主细胞，抑制宿主的免疫反应，并促进病毒的复制和传播。","ELISA（酶联免疫吸附试验）：用于检测ASFV抗体的存在。这种方法可以帮助识别曾经感染过病毒的动物。

实时PCR（聚合酶链反应）：用于检测ASFV的基因组DNA。这是一种高度敏感和特异的检测方法，可以在感染的早期阶段检测到病毒。

病毒分离：从受感染猪的血液、淋巴结、脾脏或血清中分离病毒。这种方法可以提供关于病毒的详细信息，但通常需要更长的时间和更复杂的实验室条件。",有,"越南：越南于2022年6月1日成功生产了首个针对非洲猪瘟的疫苗。这标志着在疫苗开发方面的重要突破。

美国：自2020年1月22日起，美国一直在开发一种针对2007年格鲁吉亚分离株的实验性疫苗。该疫苗通过删除病毒的I177L基因进行减毒处理。截至2023年1月3日，这种实验性疫苗已被许可作为疫苗候选者。",无,无,无,,,,,,
风疹病毒,Rubivirus rubellae,2846071, RuV,病毒,正义RNA病毒,Viruses;??Riboviria;??Orthornavirae;??Kitrinoviricota;Alsuviricetes;??Hepelivirales;??Matonaviridae;??Rubivirus;,3,BSL-2,包膜病毒直径为55-89纳米。遗传物质包裹在核衣壳中，衣壳是由病毒衣壳蛋白亚基所形成的寡聚体。,https://baike.baidu.com/pic/H1N1/2606983/0/48151723d3072965925807db?fr=lemma&fromModule=lemma_content-image,人,"直接接触：接触
间接接触：飞沫气溶胶传播",学龄前儿童和孕妇,高传染性,中致病性,皮疹,否,中国法定丙类传染病,,皮肤,14-17天,临床上以前驱期短、低热、皮疹和耳后、枕部淋巴结肿大为特征。,冬末和春季,全球性分布,,GCA_000863025.1; GCF_024749945.1,https://www.ncbi.nlm.nih.gov/datasets/genome/GCF_000863025.1/   ;  https://www.ncbi.nlm.nih.gov/datasets/genome/GCF_024749945.1/,70,9.8 Kb,,,,,外周血象；病毒分离；血清抗体测定,有,风疹疫苗属于减毒活病毒株，使用已超过40年。单剂接种可获得95%以上的长效免疫力，与自然感染诱发的免疫力接近。,无,,RV抗原,,,,,,
弗莱克索尔病毒,Mammarenavirus flexalense,3052305,"Flexal arenavirus,Flexal mammarenavirus,Flexal virus",病毒,单链RNA病毒,"Viruses,Riboviria,Orthornavirae,Negarnaviricota,Polyploviricotina,Ellioviricetes,Bunyavirales,Arenaviridae,Mammarenavirus,Mammarenavirus flexalense",1,BSL-4,,,,,no,低传染性,高致病性,,是,未分类,,,,,,,,GCF_000872925.1,https://www.ncbi.nlm.nih.gov/datasets/genome/GCF_000872925.1/,41.8 ~ 41.9,"	10.4 Kb",,,,,,无,,,,,,,,,,
肝炎A,Hepatovirus A,12092,肝炎病毒A,病毒,ssRNA,Viruses;?Riboviria;?Orthornavirae;?Pisuviricota;?Pisoniviricetes;?Picornavirales;?Picornaviridae;?Heptrevirinae;?Hepatovirus,,BSL-2,,,人,粪-口途径,,,非洲区域发病率最高（每年每10万人3800例感染），欧洲区域最低 （每年每10万人1200例感染）。东南亚和东地中海区域的甲肝相关死亡率最高（每年每100万人12例死亡），欧洲区域 最低（每年每100万人0.2例死亡）,甲型肝炎,,中国法定乙类传染病,,血液/体液，粪便，腹部引流,14–28天,恶心、呕吐、发热、腹痛、深色尿和黄疸（眼睛和皮肤发黄）,冬春,,"世卫组织估计，2016年，全世界有7134人死于甲型肝炎（占病毒性肝炎死亡率的0.5%）。

甲型肝炎属偶发疾病，在世界各地流行，有循环复发的趋势。与污染食物或水有关的疾病流行会突然暴发，比如1988年在上海发生的甲肝流行就影响到了大约30万人(1)。",GCF_000860505.1?,https://www.ncbi.nlm.nih.gov/nuccore/9626732,33.7 ~ 39.0,7.5 kb,,,,,检测血液中甲型肝炎病毒的特异性免疫球蛋白G（IgM）抗体；逆转录聚合酶链反应（RT-PCR）等方法检测甲型肝炎病毒核糖核酸（RNA）,有,"灭活疫苗和减
毒活疫苗",无,,,暴露在81?C或更高温度下10分钟,[1] 23198670 ,,,,
肝炎B,Hepatovirus B,1987123,,病毒,DNA病毒,Viruses;?Riboviria;?Orthornavirae;?Pisuviricota;?Pisoniviricetes;?Picornavirales;?Picornaviridae;?Heptrevirinae;?Hepatovirus,,,,,人,母婴、血和血液制品、破损的皮肤粘膜及性接触传播,婴幼儿,,,乙型肝炎,,中国法定乙类传染病,,肝脏,30到180天,皮肤和眼睛发黄（黄疸）、尿色深、感到非常疲倦、恶心、呕吐、腹痛,,世界各地,"世卫组织估计，2022年，有2.54亿人有慢性乙肝感染，每年有120万新发感染者。
2022年，乙肝导致约110万人死亡，主要缘于肝硬化和肝细胞癌（原发性肝癌）",GCF_001292955.1,https://www.ncbi.nlm.nih.gov/nuccore/927371711,37,7.5 kb,,,,,DNA检测、抗原抗体检测,有,乙肝疫苗对乙肝的预防作用至少持续20年，也可能持续终身。,有,急性乙肝没有特异治疗方法。慢性乙肝可用药物治疗。可口服包括替诺福韦或恩替卡韦在内的药物治疗慢性乙肝感染,HBsAg、HBcAg,65℃中10小时、煮沸10分钟或高压蒸汽,,,,,
肝炎C,Hepatovirus C,1987124,,病毒,单链RNA病毒,Viruses; Riboviria; Orthornavirae; Pisuviricota; Pisoniviricetes; Picornavirales; Picornaviridae; Heptrevirinae; Hepatovirus,,,,,脊椎动物,血液传播,,,,丙型肝炎（HCV）,,中国法定乙类传染病,,肝脏,两周到六个月,发烧、疲劳、食欲不振、恶心、呕吐、腹痛、尿色深以及皮肤或眼睛发黄（黄疸）,,所有区域。疾病负担最重的是东地中海区域。,2022年，约有242000人死于丙型肝炎，主要缘于肝硬化和肝细胞癌（原发性肝癌）,GCF_002816915.1,https://www.ncbi.nlm.nih.gov/nuccore/1464306988,38,7.6 kb,,,,,血清学检测、PCR检测,无,,有,抗病毒药物（DAAs）可使95%以上的丙肝感染者得到治愈。抗病毒药物（包括索非布韦和达卡他韦）可用于治疗丙肝。,,,,,,,
肝炎D,Hepatovirus D,1987125,德尔塔病毒，丁肝病毒,病毒,单链RNA病毒,Viruses;  Orthornavirae; Pisuviricota; Pisoniviricetes; Picornavirales; Picornaviridae; Heptrevirinae; Hepatovirus,,,,,,母婴传播、血液传播、性传播,慢性乙肝病毒携带者、土著人民、注射吸毒者和丙型肝炎病毒或艾滋病毒感染者,,,丁型肝炎,,中国法定乙类传染病,,肝脏,3-7周,发热、疲劳、食欲不振、恶心、呕吐、尿色深、粪色变浅、黄疸（眼睛发黄），甚至暴发性肝炎,,蒙古、摩尔多瓦共和国以及西非和中非国家,,GCF_001444005.1,https://www.ncbi.nlm.nih.gov/nuccore/951885122,36,7.7 kb,,,,,抗体检测；PCR检测,有,乙肝疫苗接种能够预防丁肝病毒的感染，但治疗成功率较低。,有,α干扰素可治疗丁肝病毒慢性感染，这种治疗具有明显副作用，不应用于失代偿性肝硬化、活动性精神疾病和自身免疫性疾病患者。布来韦肽（Bulevirtide）是一种有前景的丁型肝炎新疗法,HDAg,,,,,,
肝炎E,Hepatovirus E,1987126,,病毒,RNA 病毒, Viruses; Riboviria; Orthornavirae; Pisuviricota; Pisoniviricetes; Picornavirales; Picornaviridae; Heptrevirinae; Hepatovirus,,,,,,粪口途径传播，主要是通过被污染的水传播,HEV1 和 HEV2:年轻成人（15~39岁），以男性为主;                                                                                                                                                                                                                                                                                                                                                   HEV3                                                                                                                                                                                                                                                                                                                                    HEV3 : 老年人                                                            ,,,戊型肝炎（戊肝）,是,中国法定乙类传染病,在孕妇中死亡率较高（10.4%）,肝脏,2-10 周,低烧、食欲不振、恶心、呕吐、腹痛、瘙痒、皮疹或关节痛、黄疸（皮肤发黄）、尿色深和大便颜色变浅、肝脏轻微肿大，有压痛,,世界各地，但最常发生在东亚和南亚,估计全球每年有2000万人感染戊肝病毒，其中估计有330万人会出现戊肝症状。2015年戊型肝炎大约导致4.4万人死亡（占病毒性肝炎死亡率的3.3%）. 至少已有63个国家曾出现戊型肝炎散发病例或暴发，其中约有一半国家报告过大规模暴发1。,GCF_002816965.1,https://www.ncbi.nlm.nih.gov/nuccore/1464306990,40,7.4 kb,HEV1、HEV2、 HEV3 和 HEV4,,,,抗体检测，RT-PCR,有,至少已有 11 种实验性 HEV 疫苗在非人类的灵长类动物中开展过抗病毒攻击评估。然而，其中只有 2 个疫苗进展至人临床试验，其中 1 个（益可宁?，Hecolin?）完成研制并由中国厦门万泰沧海生物技术股份有限公司研制。该疫苗已于 2011 年 12 月在中国获准上市，供 16 岁以上者接种。该疫苗尚未在其他国家或地区获得上市许可。在至少接种过 1剂次 HEV 疫苗的受试者中，总效力为 77.0%。,无,,,,"[1] Aggarwal R. The global prevalence of hepatitis E virus infection and susceptibility: a systematic
review. Geneva: World Health Organization; 2010 (http://whqlibdoc.who.int/hq/2010/WHO_IVB_10.14_eng.pdf)",,,,
戈尔迪勒病毒,Gordil virus,1460451,戈尔迪病毒,病毒,有包膜的单股负链RNA病毒,白蛉纤细病毒科,第二类,BSL-3,有包膜，通常呈球形，也可能有一定程度的多形性，直径一般在 80-120 纳米左右。,,昆虫或小型哺乳动物（条纹草鼠）,虫媒传播：蚊子、蜱虫；接触传播：直接接触感染动物、间接接触传染物品；呼吸道传播：特定条件下气溶胶形式,"一、宿主因素
1. 物种差异：一些与该病毒天然宿主关系较近的物种可能更容易感染，而其他物种可能具有一定的抵抗力。
2. 年龄：年幼和年老的动物可能对 Gordil virus 更易感。
3. 健康状况：患有其他疾病或免疫系统受损的动物更容易感染。
二、环境因素
1. 接触病毒的机会：与感染 Gordil virus 的动物或其排泄物、分泌物等有密切接触的动物或人类更容易感染病毒。
2. 环境条件：温暖潮湿的气候可能有利于病毒在环境中的存活和传播，而寒冷干燥的环境可能对病毒的生存产生一定的抑制作用。

",,,"1. 发热性疾病：如高热、寒战、乏力等。
2. 出血症状：可能有皮肤瘀点、瘀斑、鼻出血、牙龈出血、胃肠道出血等。
3. 器官功能障碍：可能影响肝脏、肾脏等重要器官，导致肝功能异常、肾衰竭等。
4. 神经系统症状：如头痛、头晕、意识障碍、抽搐等。",是,第二类危害程度的病毒,,可能包括呼吸道组织、消化道组织、肝脏、肾脏、血液系统、神经系统等,,发热（体温可达 40 - 42℃）、心跳加快、呼吸困难、部分患者有咳嗽症状，眼、鼻会出现浆液性或粘液性脓性分泌物，皮肤发绀，淋巴结、肾、胃肠粘膜等部位会有明显出血。,,中非地区 ,," NC_055363；
 NC_055364;NC_055365.",https://www.ncbi.nlm.nih.gov/search/all/?term=NC_055363; https://www.ncbi.nlm.nih.gov/search/all/?term=NC_055364；https://www.ncbi.nlm.nih.gov/search/all/?term=NC_055365,40%,~6kb,,,,,一、核酸检测：逆转录聚合酶链式反应(RT-PCR)；实时荧光定量PCR。二、血清学检测：酶联免疫吸附试验(ELISA)；中和实验。三、病毒分离培养,无,,无,,,一、物理方法：高温、紫外线照射；二、化学方法：含氯消毒剂、过氧乙酸、75%酒精,"[1] ""WHO Factsheet – Mpox (Monkeypox)"" World Health Organization (WHO). 18 April 2023. Retrieved 21 May 2023.
[2] CDC (2022-10-18). ""Monkeypox in the U.S."" Centers for Disease Control and Prevention. Archived from the original on 2022-10-26. Retrieved 2022-10-26.
[3] 36423129
[4] 33167496
[5] Acha, P. N., and B. Szyfres. 2005. Zoonoses & communicable diseases common to man & animals, third edition: A review by Peter Kerr. Aust. Mammal. 27:107.
[6] 22496894
[7] 364231400",,,,
格米斯顿病毒,Germiston virus,11574,"Bunyavirus germiston
Germiston bunyavirus",病毒,单链 RNA 病毒,Viruses;?Riboviria;?Orthornavirae;?Negarnaviricota;?Polyploviricotina;?Ellioviricetes;?Bunyavirales;?Peribunyaviridae;?Orthobunyavirus;?Orthobunyavirus bunyamweraense,II,BSL-3,GERV 颗粒大致呈球形，平均直径为 98 nm[2],,人；无脊椎动物；脊椎动物,影响哺乳动物皮肤细胞感染早期步骤的病媒到宿主的转换过程，传入的微粒是由受感染的节肢动物引入的[1],,,中度,伴有皮疹的发热性疾病,,,,,,高热、头痛、腰骶痛、无力、精神 意识模糊、皮疹,,"博茨瓦纳奥卡万戈盆地和纳米比亚卡普里维地区； 南非（1）、津巴布韦（14）、乌干达（12）、莫桑比克（14,15）、肯尼亚（16）
南非（1）、津巴布韦（14）、乌干达（12）、莫桑比克（14,15）、肯尼亚（16) [3]",,ASM973165v1,https://www.ncbi.nlm.nih.gov/datasets/genome/GCA_009731655.1/,37.8 ~ 38.0,5.5kb,,,,,冷冻电子显微镜 （cryo-EM）[2],无,无,KCl 或 K+离子拮抗剂缬氨霉素破坏细胞 K+梯度[4],,,,"[1]  Léger, P., & Lozach, P. Y. (2015). Bunyaviruses: From Transmission by Arthropods to Virus Entry into the Mammalian Host First-Target Cells. Future Virology, 10(7), 859–881. https://doi.org/10.2217/fvl.15.52
[2]  PMC8906410
[3] R.H. Kokernot, E.L. Szlamp, J. Levitt, B.M. McIntosh, Survey for antibodies against arthropod-borne viruses in the sera of indigenous residents of the caprivi strip and bechuanaland protectorate, Transactions of The Royal Society of Tropical Medicine and Hygiene, Volume 59, Issue 5, September 1965, Pages 553–562, https://doi.org/10.1016/0035-9203(65)90158-6
[4]Hover, S., Charlton, F.W., Hellert, J. et al. Organisation of the orthobunyavirus tripodal spike and the structural changes induced by low pH and K+ during entry. Nat Commun 14, 5885 (2023). https://doi.org/10.1038/s41467-023-41205-w
",,,,
哈特兰病毒,Bandavirus heartlandense,3051992,"HRTV, Heartland bandavirus, Heartland banyangvirus",病毒,单链RNA病毒,"
K_ Viruses | P_ Negarnaviricota | C_ Ellioviricetes | O_ Bunyavirales | F_ Phenuiviridae | G_ Bandavirus | S_ Bandavirus heartlandense",第二类,BSL-3,,,节肢动物，人类, 孤星蜱在吸血时会将病毒传播给人。,所有已知的人类病例均来自美国五个州：阿肯色州、印第安纳州、密苏里州、俄克拉荷马州和田纳西州。大多数感染者在蜱虫流行的地区户外活动。大多数感染是在 5 月至 9 月之间诊断出来的。人们通常会报告在寻求医疗服务前两周内被蜱虫叮咬过,低传染性,低致病性,,否,危害程度分类第二类,0.00%,,,体征和症状包括发烧超过 100.4 °F (38 °C)、嗜睡（虚弱）、头痛、肌肉疼痛（肌痛）、食欲不振、恶心、腹泻、体重减轻、关节痛（关节痛）、白细胞计数低（白细胞减少症）和因血小板计数低（血小板减少症）而容易瘀伤。也可能出现肝转氨酶升高。[9],无季节规律,"USA(9),Unknown(3)",2009 年 6 月，该病毒首次被证实可以感染人类，当时两位相距 60 英里（97 公里）的农民出现发烧、疲劳、腹泻、血小板减少和白细胞减少等症状。[5] ,"	
GCF_013086545.1;GCF_000922255.1
",https://www.ncbi.nlm.nih.gov/datasets/genome/?taxon=3051992,"
43.7 ~ 46.5","	11.5 kb",,,,,,无,,无,,,,https://www.ncbi.nlm.nih.gov/Taxonomy/Browser/wwwtax.cgi?mode=Info&id=3051992;https://nmdc.cn/gcpathogen/species?taxonid=3051992;https://en.wikipedia.org/wiki/Heartland_bandavirus;https://view.officeapps.live.com/op/view.aspx?src=https%3A%2F%2Fwjw.fujian.gov.cn%2Fjggk%2Fcsxx%2Fkjjyc%2Fswaq_202112%2F202406%2FP020240624639399447309.docx&wdOrigin=BROWSELINK;https://www.nejm.org/doi/full/10.1056/NEJMoa1203378,,,,
汉扎罗瓦病毒,Orthoflavivirus encephalitidis/Tick-borne encephalitis virus,3052465,"Tick-borne encephalitis virus, TBEV [1]",病毒[2],单链RNA病毒[2],Viruses; Riboviria; Orthornavirae; Kitrinoviricota; Flasuviricetes; Amarillovirales; Flaviviridae; Orthoflavivirus,I,BSL-4,TBEV 的二十面体表面与其他正黄病毒相似，由 E 蛋白组成，该蛋白与附着的表面聚糖和下面的 M 蛋白相关。E 和 M 蛋白嵌入病毒膜并扭曲其形状，以异四聚体形式存在，E 蛋白以头对尾的方向二聚化。E 蛋白由四个结构域组成，其中结构域 II 是内体融合的关键，结构域 III 是中和抗体的关键靶点，而 M 蛋白由 N 端环和周膜和跨膜螺旋组成，可稳定 E 蛋白并防止构象变化。表面之下是 C 蛋白，它与 ssRNA 基因组连续存在以形成核衣壳。 ssRNA 基因组两侧是 3′ 和 5′ 非翻译区（UTR），它们是 TBEV 基因组复制、翻译和 TBEV RNA 在神经元中迁移的重要调控因子。[2],https://www.ncbi.nlm.nih.gov/pmc/articles/PMC10650904/,蜱虫以及小型啮齿动物[3],"媒介生物：蜱虫
血液或血制品 间接接触：食物传播[3]",在森林或森林附近户外活动的人被感染蜱传脑炎病毒的蜱虫叮咬的风险最高。[3],低传染性病原微生物,中致病性病原微生物,脑炎、脑膜炎,是,未分类,2%[4],中枢神经系统[4],在被感染蜱叮咬后出现临床症状的患者中，潜伏期通常为 7-14 天。对于通过食物途径感染的 TBE，潜伏期通常较短，通常少于 2 周，通常为2-4天[4],最常见的临床表现是中枢神经系统感染（即无菌性脑膜炎、脑膜脑炎或脑膜脑脊髓炎)[4],TBE 病毒的主要传播季节是 4 月至 11 月，此时北半球天气较温暖，蜱虫最为活跃。传播高峰通常发生在温暖潮湿的夏季的数周内，欧洲国家通常是 6 月至8 月。然而，在中欧和北欧，夏季和初秋可能出现两个高峰。与蚊媒疾病不同，蜱媒疾病不会大规模暴发。冬季偶尔也会报告病例，因为在接近冰点的温度下蜱虫仍有可能活动。[4],TBE 病毒在从西欧和北欧一直延伸到北亚和东亚的地理区域内局部流行[4],蜱传脑炎最初在20世纪30年代初在俄罗斯被发现，是一种局部疾病，1950年罗日尼亚瓦发生大规模的食源传播疫情，如今已演变为整个欧洲的重大问题。[5],NC_001672.1,https://www.ncbi.nlm.nih.gov/nuccore/NC_001672.1,0.53,~10Kb,欧洲亚型、西伯利亚亚型和远东亚型[4],,包膜蛋白[2],,血清学检查，核酸检测:核酸扩增试验 (NAAT)[3],有[3],名称：TICOVAC[3],无[3],无[3],,,"[1]3859313
[2]37959323
[3]About Tick-borne Encephalitis[EB/OL]. [2024-09-22]. https://www.cdc.gov/tick-borne-encephalitis/about/index.html.
[4]Tick-Borne Encephalitis Vaccine: Recommendations of the Advisory Committee on Immunization Practices, United States, 2023[EB/OL]. (2023-11-09)[2024-09-22]. https://www.cdc.gov/mmwr/volumes/72/rr/rr7205a1.htm.
[5]38290295",,,,
猴痘病毒,Monkeypox virus,10244,"MPV, MPXV, hMPXV, mpox virus",病毒,双链DNA病毒,Viruses; Varidnaviria; Bamfordvirae; Nucleocytoviricota; Pokkesviricetes; Chitovirales; Poxviridae; Chordopoxvirinae; Orthopoxvirus,I,BSL-3,病毒粒子呈椭圆形，带有脂蛋白外膜。外膜保护病毒的酶、DNA 和转录因子。[4],https://www.ncbi.nlm.nih.gov/Taxonomy/taxi/images/5562,人类、松鼠、非人类灵长类动物、黑尾土拨鼠、非洲刷尾豪猪、老鼠和鼩鼱等。,"直接接触：皮肤接触、性接触 [2]
间接接触：飞沫传播、食物传播",儿童、孕妇、免疫缺陷者易感。绝大多数免疫功能正常的人群，感染猴痘后会获得持久的免疫力，通常不会发生二次感染。,中传染性,中致病性,猴痘、皮疹,是,中国法定乙类传染病,1%（西非，Clade II）；10%（刚果盆地，Clade I）,皮肤（UBERON: 0002097）、嘴巴（UBERON: 0000165）、肛门、直肠（UBERON: 0001052）、生殖器,3~17天,皮疹或粘膜病变，可持续 2-4 周，伴有发烧、头痛、肌肉酸痛、背痛、精力不足和淋巴结肿大 [1],无季节规律,全球性分布，主要分布于刚果盆地、西非和美洲地区。,"1970年，猴痘在中非和东非（进化枝I）和西非（进化枝II）零星发生。2003年，美利坚合众国爆发的疫情与进口野生动物有关（分支II）。自2005年以来，刚果民主共和国每年报告数千例疑似病例。2017年，猴痘在尼日利亚重新出现，并继续在全国各地的人们之间传播，并在前往其他目的地的旅行者中传播。
2022年5月，猴痘疫情突然迅速蔓延到欧洲、美洲和世卫组织所有六个区域，110个国家报告了约8.7万例病例和112例死亡。全球疫情主要影响（但不仅限于）男同性恋、双性恋和其他男男性行为者，并通过性网络在人与人之间传播。
2022-2023 年，猴痘全球暴发是由一种称为分支 IIb 的菌株引起的。[1]",GCF_000857045.1; GCF_014621545.1,https://www.ncbi.nlm.nih.gov/datasets/genome/GCF_000857045.1/; https://www.ncbi.nlm.nih.gov/assembly/GCF_014621545.1,16.5 ~ 34.0,~200 Kb,有两个主要分支，分支I主要与刚果盆地有关，分支II与西非有关。已发现分支 I 的毒性更强。[3],细胞表面神经节苷脂GM1 [7],"E8L [7]
猴痘的结合蛋白是不是跟新冠不一样？有好几个？结果的准确定与可靠性需专家评定",CCP蛋白，也称为 MOPICE，使病毒能够逃避中和、调理作用、病毒颗粒裂解和吞噬作用。[6],"核酸检测：聚合酶链式反应(PCR)；
抗原检测：酶联免疫吸附试验(ELISA)",有,"最初为天花开发的MVA-BN疫苗已被批准用于被认为有暴露于猴痘的高风险人群或最近可能接触过猴痘的人。
接种牛痘病毒（天花疫苗）对猴痘的有效率约为85%。",无,tecovirimat 等抗病毒药已被批准用于治疗严重的猴痘病毒患者,猴痘病毒与天花病毒和牛痘病毒具有抗原性关系.[5],"在干燥环境有较强抵抗力,对乙醚不敏感，但易被氣仿、甲醇和福尔马林灭活。56°加热30分钟也易使其灭活，于4℃和-70℃均可长期保持活力，-20℃存活期较短。",,,,,
猴免疫缺陷病毒,Simian immunodeficiency virus,11723,"SIV, CIV, Chimpanzee immunodeficiency virus, African Green Monkey virus",病毒,逆转录病毒, Viruses; Riboviria; Pararnavirae; Artverviricota; Revtraviricetes; Ortervirales; Retroviridae; Orthoretrovirinae; Lentivirus,II,BSL-3,,,灵长类动物,,,低传染性,低致病性,,,,,,,,,,,GCF_000851745.1  GCF_000863925.1 ,https://www.ncbi.nlm.nih.gov/datasets/genome/GCF_000851745.1/;https://www.ncbi.nlm.nih.gov/datasets/genome/GCF_000863925.1/,31.7 ~ 56.3,9.6 Kb,灵长目动物中的两个物种中存在的病毒株，即白顶白眉猴体内的SIVsmm和黑猩猩体内的SIVcpz，被认为已跨越了种间屏障而进入人体，并最终成为了HIV的两个亚型，即HIV-2和HIV-1[1]。,CD4[2],CCR5 [3],,"逆转录酶活性测定：产物增强性逆转录反应（PERT）                                        核酸检测：聚合酶链式反应(PCR)；
抗原检测：酶联免疫吸附试验(ELISA)",无,,无,,,,"[1] McNeil Jr DG . ""Precursor to H.I.V. Was in Monkeys for Millennia"". New York Times. Retrieved 2010-09-17. [2]8162421.                   [3]9707408.",,,,
猴疱疹病毒,Simplexvirus macacinealpha1,3050305,"Herpesvirus   simiae
",病毒,双链DNA,"iruses,Duplodnaviria,Heunggongvirae,Peploviricota,Herviviricetes,Herpesvirales,Orthoherpesviridae,Alphaherpesvirinae,Simplexvirus,Simplexvirus",1,BSL-3,,,人类，猕猴属的猴子，包括恒河猴 （M. mulatta）、食蟹猴 （M. fascicularis）、树桩尾猴 （M. artoides）、日本猴 （M. fuscata）、猪尾猴 （M. nemestrina）、帽子猴 （M. radiata）?和台湾猕猴 （M. cyclopis）兔子、狗、小鼠和豚鼠已经被实验感染,最常见的感染途径是通过猴子咬伤/抓伤或笼子抓伤直接接种猴子的组织或液体;实验室通过受污染的污染物损伤获得性感染，例如针刺和含有受感染猴细胞的破损组织培养瓶的割伤，也会导致人类感染,no,低传染性,高致病性,MaHV-1 可能表现为亚临床感染，或感染部位附近的局部水疱疹，伴有发热、肌痛、头痛和恶心,是,中国法定乙类传染病,未经治疗的个体的死亡率为 70-80%，神经系统后遗症在幸存者中很常见,中枢神经系统,几天到7年以上，75%患者在接触后90内发病,水疱疹在临床和病理学上与人类单纯疱疹病毒引起的水疱疹相似69.神经系统症状在症状出现后 3 至 7 天内出现，可能包括假性脑膜炎、恶心、呕吐、持续性头痛、意识模糊、复视、吞咽困难、头晕、构音障碍、颅神经麻痹和共济失调,无季节规律,除澳大利亚、英国、新西兰、日本等岛屿国家外其他国家和地区都有,人类在自然界中感染 MaHV-1 的情况很少见。全球已报告约 50 例病例，几乎全部涉及实验室工作1932 年，一名实验室研究人员被一只看似健康的恒河猴咬伤，报告了第一例人类 MaHV-1 病例。研究人员在 15 天后死于进行性脑脊髓炎人员在亚洲的高接触地区，没有报告自然接触猕猴后感染人畜共患 MaHV-1 的病例，估计有 72-92% 的猕猴对 MaHV-1 反应性抗体呈血清反应阳性,GCF_018580855.1,https://www.ncbi.nlm.nih.gov/datasets/genome/GCF_018580855.1/,75.6,157.4  Kb,,,,no,"使用 PCR、酶联免疫吸附测定 （ELISA）、Western 印迹和 PCR-微孔板杂交测定法分析由拭子标本、脑脊液和穿刺活检材料制备的 MaHV-1 病毒培养物,磁共振成像 （MRI）、计算机断层扫描 （CT） 和脑电图 （EEG） 脑部扫描也可用于检测 MaHV-1 感染的神经系统体征",有,Imovax Rabies，人类二倍体细胞疫苗(HDCV)，或RabAvert，一种纯化鸡胚细胞疫苗(PCECV)。,有,阿昔洛韦、伐昔洛韦和泛昔洛韦，伐昔洛韦是首选药物,,MaHV-1对0.25%次氯酸钠、聚维酮碘和氯己定敏感。大多数疱疹病毒也对季铵化合物、乙醇和异丙醇敏感。疱疹病毒可通过加热(56°C至少10分钟)、pH小于5或大于11灭活,,,,,
黄热病毒,Orthoflavivirus flavi,3046277,Yellow ? fever virus,病毒,正义单链RNA病毒,"Viruses,Riboviria,Orthornavirae,Kitrinoviricota,Flasuviricetes,Amarillovirales,Flaviviridae,Orthoflavivirus,Orthoflavivirus",1,BSL-3,无,无,人类、非人灵长类动物、刺猬和金仓鼠,黄热病毒由受感染的非人类灵长类动物和其他人通过伊蚊和血蚊叮咬传播给人类,no,无,高致病性,15% 至 50 % 的黄热病感染者会突然出现发热、发冷和头痛.在那些患病的人中，大约 57% 到 85% 会流产感染并康复，而不会发展为典型的黄热血病,是,中国法定乙类传染病,肝肾功能衰竭患者的病死率为 20% 至近 50%,,3 至 6 天,"感染、缓解和中毒。

感染 ： 这个阶段通常持续 3 或 4 天，其特征是强烈的病毒血症，症状包括发烧、发冷、不适、头痛、腰痛、膝盖疼痛、全身肌痛、恶心和头晕.检查时，患者的心率低于发烧（Faget 征）的预期心率，以及结膜、舌头和面部的充血和红斑。大多数感染在此阶段消退。温度高达 40.5°C 与严重疾病和不良结果相关.

缓解 ：这个阶段的典型特征是发烧和其他全身症状减轻约 48 小时。病毒血症可能仍然存在，但通常会减弱.

中毒 ： 大约 15% 至 25% 出现任何临床症状的人（或所有感染者的 10%）进展到这个阶段，这通常发生在发病后 3 至 6 天，可持续 3 至 8 天。在此期间，病毒血症消失，出现抗体以及 YF 的典型体征（黄疸、肾功能衰竭和出血）.这个阶段的常见症状包括发热、相对心动过缓、呕吐、恶心、上腹痛、黄疸、少尿和出血表现（黑便、血尿、非月经子宫出血、瘀点、瘀斑、鼻出血以及牙龈和针刺部位渗血）.许多患者会发展为多器官衰竭，以肝脏、肾脏、血液和心血管受累为主.

肝肾功能衰竭患者的病死率为 20% 至近 50%.死亡前通常伴有严重的低血压和休克，这些很难用液体和血管加压药来控制",无季节规律,非洲和南美洲的热带地区,"黄热病仅发生在非洲和南美洲的热带地区45 7.每年约有 200,000 例黄热病病例，其中 90 % 在非洲.非洲每年报告的黄热病病例高达 5,000 例，南美洲每年报告高达 300 例，但据信真实发病率比官方报告高 10 到 50 倍.

存在三种不同的传播周期。非洲和南美洲的热带雨林中出现了森林（丛林）循环，YFV 在非人类灵长类动物和蚊子之间传播.人类病例很少见，通常发生在森林或过渡地区职业暴露的人群中。非洲和南美洲都存在城市人-蚊-人传播循环;仅在非洲发生的热带草原循环涉及 YFV 在猴子、蚊子和人类之间的传播。",GCA_000857725.1,https://www.ncbi.nlm.nih.gov/datasets/genome/GCF_000857725.1/,21.3 ~ 50.4,10.9 Kb,,,,no,"血液中分离病毒,免疫荧光、PCR、实时 PCR、补充固定、血凝素抑制、中和和 IgM 捕获 ELISA",有,有 2 种黄热病毒减毒活疫苗可用：嗜神经性法国达喀尔疫苗和17D 菌株，后者是唯一获准在加拿大使用的制剂。免疫力在初次免疫后 10 天产生，并持续 10 年以上.只有 PHAC 批准的指定黄热病疫苗接种中心诊所才能进行黄热病免疫接种，然后应将其记录在经过适当验证的国际疫苗接种证书上。,无,无,,"被 3% 至 8% 的甲醛、2% 的戊二醛、2% 至 3% 的过氧化氢、500 至 5,000 ppm 的有效氯、酒精、1% 的碘和苯酚碘伏灭活，通过加热（50 至 60°C 至少 30 分钟）、紫外线和伽马射线灭活",,,,,
基孔肯雅病毒,Chikungunya virus,37124,奇昆古尼亚病毒,病毒,单链RNA病毒,Viruses;?Riboviria;?Orthornavirae;?Kitrinoviricota;?Alsuviricetes;?Martellivirales;?Togaviridae;?Alphavirus,第二类,BSL-3,病毒直径约70nm，有包膜，含有3个结构蛋白（衣壳蛋白C、包膜蛋白E1和E2）和4个非结构蛋白（nsP1、nsP2、nsP3和nsP4）,ncbi.nlm.nih.gov/Taxonomy/taxi/images/6299,"人类,节肢动物,啮齿动物,哺乳动物,灵长类动物",蚊虫传播,新生儿、老年人、有疾病的人,中传染性,中致病性,奇昆古尼亚热,是,,很少致命,脑脊液，血液/体液，培养物，动物,4-7天,发热、关节痛、头痛、肌肉痛、关节肿、皮疹,夏、秋季，热带地区一年四季均可流行,全世界持续流行,CHIKV首先于1952年在坦桑尼亚联合共和国被发现，随后在非洲和亚洲的其他国家也有发现(1)。1967年在泰国以及1970年代在印度首次记录了城市中的疾病暴发(2)。自2004年以来，CHIKV的暴发变得更加频繁和广泛，部分原因是病毒适应使病毒更容易通过白纹伊蚊传播。CHIKV现已在亚洲、非洲、欧洲和美洲的110多个国家被发现。在高比例人口被感染后免疫的岛屿上，传播已被阻断；然而，在大部分人口尚未被感染的国家，传播往往持续存在。,GCF_000854045.1,https://www.ncbi.nlm.nih.gov/nuccore/27754751,25.7 ~ 51.0,11.8kb,,,,,"核酸检测：聚合酶链式反应(PCR)；
抗体检测：血清特异性IgM抗体检测",无,暂无商品化疫苗，但相关疫苗正在研发中,无,,,,"[1]Staples JE, Breiman RF, Powers AM. Chikungunya fever: an epidemiological review of a re-emerging infectious disease. Clin Infect Dis. 2009;49(6):942-948. 
[2]Wimalasiri-Yapa BMCR, Stassen L, Huang X, et al. Chikungunya virus in Asia - Pacific: a systematic review. Emerg Microbes Infect. 2019;8(1):70-79.                        [3]9708 8159534 ",,,,
脊髓灰质炎病毒,Enterovirus C,138950,,病毒,单链RNA病毒,K_?Viruses?| P_?Pisuviricota?| C_?Pisoniviricetes?| O_?Picornavirales?| F_?Picornaviridae?| G_?Enterovirus?| S_?Enterovirus C,第二类,BSL-2,,,人,粪-口途径,4月龄至5岁儿童最易感,,,脊髓灰质炎，小儿麻痹症,否,,5%-10%,"粪便,眼睛/耳朵/口/鼻",无症状3-5天，瘫痪型感染7-21天,发热，全身不适，严重时肢体疼痛，发生分布不规则和轻重不等的迟缓性瘫痪,四季均可，夏秋季为主,巴基斯坦和阿富汗,1988年以来，野生脊灰病毒引起的病例数减少了99%以上，从在逾125个流行国家中估计的35万例减至仅剩两个流行国家（截至2023年10月）。,GCF_000861165.1,https://www.ncbi.nlm.nih.gov/nuccore/12408699,43.0 ~ 48.5,7.4 kb,3个血清型：I型、II型、III型,,,,,有,现有两种疫苗可用：口服脊灰疫苗和灭活脊灰疫苗,无,,,可被电离辐射、甲醛、氧化剂和苯酚迅速灭活,[1] 25667329 ,,,,
加利福尼亚脑炎病毒,Orthobunyavirus encephalitidis,3052390,,病毒,单链RNA,Viruses;?Riboviria;?Orthornavirae;?Negarnaviricota;?Polyploviricotina;?Ellioviricetes;?Bunyavirales;?Peribunyaviridae;?Orthobunyavirus,第二类,,,,,蚊虫传播,未知,,,加利福尼亚脑炎,,,<1%,大脑,3-7天,轻者以发热、头痛、咽痛及胃肠道症状起病；重者24～48小时内昏迷，或中枢性呼吸衰竭；部分不出现症状和体征,,,,"
GCF_003972565.1",https://www.ncbi.nlm.nih.gov/nuccore/?from_uid=8143528&linkname=assembly_nuccore_refseq,36.5,12.5 kb,,,,,血清学检查,无,,无,,,,[1] 宁桂军.  2012年美国加利福尼亚州实验室人员感染致死性的脑膜炎球菌．《中国疫苗和免疫》，2014,,,,
甲型流感病毒（H1N1）, H1N1 subtype,114727, H1N1,病毒,反义单链RNA病毒,"Viruses,Riboviria,Orthornavirae,Negarnaviricota,Polyploviricotina,Insthoviricetes,Articulavirales,Orthomyxoviridae,Alphainfluenzavirus,Alphainfluenzavirus ",3,BSL-2,包膜，通常是圆形的，但可以是丝状的。病毒直径为80-120纳米。,https://baike.baidu.com/pic/H1N1/2606983/0/48151723d3072965925807db?fr=lemma&fromModule=lemma_content-image,"Aquatic birds, Human, Pig, Horse, Seals","直接接触：接触
间接接触：飞沫传播",人体没有对这种病毒的免疫力,高传染性,高传染性,肺炎、腹泻、多脏器衰竭,是,中国法定丙类传染病,6%-7%,肺,1-7 天,在感染后患者会伴有发热、全身酸痛、腹痛和腹泻等症状。如果出现突然高热、继发严重并发症，甚至可能导致死亡。,季节交替,全球性分布,1918～1920年大流行 此次流行的首发于1918年1月美国东部，1918年4月在法国军队中流行，以后迅速蔓延，波及全球。此次大流行被称为人类历史上最大的瘟疫，造成的死亡总数估计约5000万人。2009年4月25日，突然传出猪流感在墨西哥爆发状况。2009年，H1N1流感在美国大面积爆发，并蔓延到214个国家和地区，导致近20万人死亡。,GCF_001343785.1,https://www.ncbi.nlm.nih.gov/datasets/genome/GCF_001343785.1/,,13.5 Kb,猪流感、禽流感和人流感,,血球凝集素（Hemagglutinin）第1型、神经氨酸酶（Neuraminidase）第1型,,"核酸检测：聚合酶链式反应(PCR)；
抗原检测：酶联免疫吸附试验(ELISA)",有,"1 猪流感全病毒灭活疫苗,猪流感灭活疫苗能有效保护断奶仔猪和种猪抵抗SI，使发病率降低30%～70%，使死亡率降低60%～87%。这类疫苗在欧美多个国家已实现商品化供应，例如Intervet公司的End－FLUence（with Imugen）和End FLUence（with Microsol Diluvac Forte），Pfizer公司的FluSure，以及Schering Plough动物保健公司的MaxiVac-FIu、MaxiVac Excell 3等等 2）人群中已开始全面使用第3代全裂解流感病毒亚单位疫苗",奥司他韦与扎那米韦,奥司他韦是神经氨酸酶抑制剂,血球凝集素（Hemagglutinin）第1型、神经氨酸酶（Neuraminidase）第1型,,,,,,
甲型流感病毒（H3N2）, H3N2 subtype,119210,H3N2,病毒,反义单链RNA,"Viruses; Varidnaviria; Bamfordvirae; Nucleocytoviricota; Pokkesviricetes; Chitovirales; PoxviridaeViruses,Riboviria,Orthornavirae,Negarnaviricota,Polyploviricotina,Insthoviricetes,Articulavirales,Orthomyxoviridae,Alphainfluenzavirus,Alphainfluenzavirus ; Chordopoxvirinae; Orthopoxvirus",3,BSL-2,"甲型H3N2是甲型流感病毒的一个亚型,H被称为红细胞凝聚素，N被称作神经氨酸苷酶，它们都是糖蛋白，分布在病毒表面。H有1—15个亚型，N有1—9个亚型。",https://zhuanlan.zhihu.com/p/675265485,人类、猪、禽类,"直接接触：接触
间接接触：飞沫传播",各年龄段人群均易感，老人、儿童、身体虚弱者更容易发病，隐性感染者为主要传染源。,高传染性,高致病性,肺炎、腹泻、多脏器衰竭,是,中国法定丙类传染病,对于免疫力较强的人群，感染流感后病死率非常低，一般不会高于10%，对于慢性疾病多，免疫力极差的人群，感染流感后，若引起病毒性肺炎等并发症，死亡率可达100％。,肺,1-4天,在感染后患者会伴有发热、全身酸痛、腹痛和腹泻等症状。如果出现突然高热、继发严重并发症，甚至可能导致死亡。,季节交替,全球性分布,中国香港，成了这一次流感暴发的中心，所以又叫“香港流感”。1968年，H3N2流感病毒在中国南部和香港开始，向东南亚发展并造成了人类全球范围第三次流感，7月开始，从中国香港传入新加坡、泰国、日本、印度和澳大利亚，秋季到达欧洲后，在年底入侵美洲；到了1969年，又传至南美和南非；一直持续到1970年出现第二次高峰，在南方夏季和北方冬季流行。美国因这次流感死亡的人数3.4万，全球死亡人数为75万。,GCF_000865085.1,https://www.ncbi.nlm.nih.gov/datasets/genome/GCF_000865085.1/,43,13.6 kb,,,血球凝集素（Hemagglutinin）第1型、神经氨酸酶（Neuraminidase）第1型,,"核酸检测：聚合酶链式反应(PCR)；
抗原检测：酶联免疫吸附试验(ELISA)",有,流感疫苗,奥司他韦与扎那米韦,奥司他韦是神经氨酸酶抑制剂,血球凝集素（Hemagglutinin）第1型、神经氨酸酶（Neuraminidase）第1型,,,,,,
卡萨诺尔森林病病毒,Orthoflavivirus kyasanurense,3048170,"kyasanurense,Kyasanur Forest disease virus",病毒,正链单链RNA病毒,"Viruses,Riboviria,Orthornavirae,Kitrinoviricota,Flasuviricetes,Amarillovirales,Flaviviridae,Orthoflavivirus,Orthoflavivirus",1,BSL-4,无,无,人类、各种蜱虫物种、啮齿动物（鼩鼱、森林鼠）、猴子（灰叶猴、黑面叶猴、帽猕猴）、蝙蝠、松鼠、印度凤头豪猪，以及较小程度的家畜（山羊、奶、绵羊）,"?蜱虫 （?Haemaphysalis spinigera?） 叮咬，尤其是终生具有传染性的若虫蜱(4,5,12).据推测，KFDV 传播周期涉及蜱虫（至少涉及 10 种）、野生脊椎动物（小型啮齿动物、鼩鼱和猴子）和食虫动物（地栖鸟类和蝙蝠）(2,4,5,9).被感染的大型家畜（奶牛、山羊、绵羊）被认为仅对维持蜱虫种群很重要(9).此外，据信哺乳期猴子会在牛奶中排出微量的病毒",未知,无,无,Kyasanur Forest disease,是,无,2% 至 10%?,血液/体液,无,发冷、发烧、头痛、严重肌肉疼痛、呕吐、胃肠道症状、出血、严重头痛、精神障碍、震颤、视力障碍,森林旱季,印度,KFDV 于 1957 年首次被发现，当时它在印度卡纳塔克邦 Shimoga 区的 Kyasanur 森林中分离出来.调查生病猴子的兽医科学家以及利用森林的当地人被 KFDV 感染的蜱虫叮咬并患上了出血性疾病。在最初的疫情爆发期间，有 466 例人类病例，次年又有 181 例.KFDV 常见于森林旱季暴露的年轻人，此后每年导致 100 至 500 人患上出血热流行病，病死率估计在 2% 至 10% 之间,GCF_002820625.1?,https://www.ncbi.nlm.nih.gov/datasets/genome/?taxon=33743,53.8 ~ 55.4,10.4  Kb,无,无,无,no,RT-PCR、病毒分离、血清学分析（如?ELISA）、免疫荧光、血凝抑制试验和/或中和试验,有,在鸡胚成纤维细胞中生产的福尔马林灭活 KFDV 疫苗已获得许可，目前正在印度卡纳塔克邦的流行地区使用，并显示出有效的保护作用,无特效药，支持疗法,无,无,"被 3% 至 8% 的甲醛、2% 的戊二醛、2% 至 3% 的过氧化氢、500 至 5,000?ppm?的有效氯、酒精、1% 碘和苯酚碘伏灭活；通过加热（50 至 60°C 至少 30 分钟）、紫外线和伽马射线灭活",,,,,
口蹄疫病毒,foot and mouth disease virus,12110,FMDV,病毒,单链RNA病毒,Viruses;?Riboviria;?Orthornavirae;?Pisuviricota;?Pisoniviricetes;?Picornavirales;?Picornaviridae;?Caphthovirinae;?Aphthovirus,,BSL-3,病毒粒子(25-30nm)具有一个由蛋白质制成的二十面体衣壳，没有包膜，包含一个正义(mRNA 义)单链核糖核酸(RNA)基因组。,https://www.ncbi.nlm.nih.gov/Taxonomy/taxi/images/5585,牛、猪、羊以及山羊、鹿、野牛等偶蹄类动物,直接、间接和空气传播,通常与饮用受感染的牛奶或直接接触手足口病水疱有关,低传染性,低致病性,口蹄疫,是,,,皮肤,1-12天,高烧，两到三天后会迅速退去，口腔内的水泡会导致粘性或泡沫状唾液的过度分泌和流口水，脚上的水泡可能会破裂并导致跛行,,"On-going, endemic (Asia, Europe, Africa, South America)",,GCF _ 002816555.1,https://www.ncbi.nlm.nih.gov/datasets/genome/GCF_002816555.1/,24.6 ~ 55.7,8.2 kb,,,,,,,,无,,,,,,,,
库姆灵厄病毒,Kumlinge virus,11092,"Central European tick-borne encephalitis virus Kumlinge
Flavivirus kumlinge，KUMV",病毒,单链RNA病毒,Viruses; Riboviria; Orthornavirae; Kitrinoviricota; Flasuviricetes; Amarillovirales; Flaviviridae; Orthoflavivirus; Orthoflavivirus encephalitidis; Tick-borne encephalitis virus,I,BSL-4,Kumlinge 病毒具有球形形态，病毒颗粒的直径通常为约36纳米。这些病毒颗粒具有包膜，包膜包括围绕着衣壳的脂质层，并且展示了表面突起。,,人类，牛，赤松鼠、田鼠、山兔以及一些鸟类如黑鸫和歌鸫,媒介生物：被感染的硬蜱叮咬,,无传染性,中致病性,库姆林格病毒脑炎,否,\,\,,3~17天,发热（S）、头痛（S）、乏力（S）、结膜炎症（R）、颈部僵硬（S）、肌痛（R）、中枢神经系统症状（包括脑炎）（S）、中枢神经系统白细胞增多（S）、皮疹（R）、呕吐（S）和双相热,无季节规律,主要在北欧地区，尤其是芬兰，瑞典,无,无,无,无,无,无,无,无,无,"核酸检测：聚合酶链式反应(PCR)；
抗原检测：酶联免疫吸附试验(ELISA)",无,\,无,,,,,,,,
狂犬病病毒（街毒）,Lyssavirus rabies,11292,"Rabies lyssavirus,Rabies virus",病毒,反义单链RNA病毒,"Viruses,Riboviria,Orthornavirae,Negarnaviricota,Haploviricotina,Monjiviricetes,Mononegavirales,Rhabdoviridae,Alpharhabdovirinae,Lyssavirus,Lyssavirus rabies",2,BSL-3,包膜，子弹型 180 nm长， 75 nM 宽,https://viralzone.expasy.org/22,人类和许多哺乳动物，最常见的是野生和家养犬科动物（如狗、狐狸、土狼）、鼬科动物（如臭鼬、獾、苨类）、蛞螨类（如獴、果子狸、螨类）、螨类（如浣熊）以及食虫和嗜血蝙蝠,"直接接触：咬伤
间接接触：空气传播，飞沫传播、气溶胶",no,低传染性,高致病性,狂犬病病毒可导致急性感染，以脑脊髓炎为标志，通常是致命的。狂犬病的初始症状类似于其他全身性病毒感染，包括发烧、头痛、乏力、上呼吸道和胃肠道疾病,是,中国法定乙类传染病,几乎所有的临床狂犬病病例都是致命的（100%）,中枢神经系统,几天到7年以上，75%患者在接触后90内发病,在前驱期，发病动物往往表现为恍惚、无方向感，野生动物往往失去对人类天生的恐惧感。狂怒期的特点是侵略性增加和过度兴奋，喜欢撕咬无生命物体和其他动物，感染动物可能长距离游荡。狂怒这一表现形式在猫中比犬中多见。哑巴期常表现为肌肉无力、吞咽困难、大量流涎和下颌下垂。人的狂犬病又叫恐水症，表现为咽部麻痹、无法饮水。,无季节规律,除澳大利亚、英国、新西兰、日本等岛屿国家外其他国家和地区都有,"据估计，狂犬病每年导致全球55,000人死亡，其中绝大多数在非洲和亚洲几个国家，其中大多数是岛屿，没有狂犬病，包括不列颠群岛、新西兰、日本、台湾、许多加勒比岛屿、瑞典、挪威和西班牙。由于对进口动物的严格检疫法，这些国家仍然没有狂犬病。澳大利亚虽认为没有狂犬病，但蝙蝠传播的狂犬病在流行。，自1924年以来，加拿大共有23人死于狂犬病，",GCF_000859625.1 ,https://www.ncbi.nlm.nih.gov/datasets/genome/GCF_000859625.1/,22.2-46.3,11  Kb,furious and paralytic (or dumb),nAChR\NCAM\PTPN4等,G\N\L\M\P蛋白,no,病毒分离、RT-PCR和临床标本的免疫荧光,有,Imovax Rabies，人类二倍体细胞疫苗(HDCV)，或RabAvert，一种纯化鸡胚细胞疫苗(PCECV)。,有,利巴韦林和干扰素-γ有一定的疗效,有两种主要抗原:①病毒外膜上的糖蛋白抗原，能与乙酰胆碱受体结合使病毒具有神经毒性，并使体内产生中和抗体及血凝抑制抗体，中和抗体具有保护作用;②内层的核蛋白抗原，可使体内产生补体结合抗体和沉淀素，无保护作用。,70%的乙醇、苯酚、福尔马林、乙醚、胰蛋白、β-丙酮和其他一些洗涤剂而灭活，不耐受pH值（低于3或高于11），并被紫外线灭活,[1] 34217155,,,,
淋巴细胞脉络丛脑膜炎（嗜神经性的）病毒,Mammarenavirus choriomeningitidis,3052303,,病毒,RNA病毒,K_?Viruses?| P_?Negarnaviricota?| C_?Ellioviricetes?| O_?Bunyavirales?| F_?Arenaviridae?| G_?Mammarenavirus?| S_?Mammarenavirus choriomeningitidis,第二类,BSL-3,,,啮齿动物，人类,呼吸道、消化道感染、接触感染、器官移植传播、母婴传播,男女老幼均具易感性,,,淋巴细胞性脉络丛脑膜炎,是,,,尿液，气管/肺泡冲洗，脑脊液，腹腔引流，血液/体液,6天至数周,多样，包括流感样型、脑膜炎型等,秋冬季为主,世界性分布,在北美洲和南美洲，欧洲，澳大利亚和日本，特别是在1900年代，都报告了淋巴细胞脉络膜脑膜炎的病例。但是，只要有被感染的啮齿动物宿主存在，就可能发生感染。 LCMV遍布全球，其自然宿主啮齿动物在南极洲以外的所有大洲都已建立。 LCMV血清阳性率约为美国人口的5％（0.7-4.7％）。它在社会经济地位较低的人群中更常见，可能反映了与小鼠的更频繁和直接的接触。,,,39.0 ~ 45.9,,,,,,血清抗体检测,无,,无,,,56°C一小时可被灭活,,,,,
鹭山病毒,Getah virus,59300,,病毒,单链RNA病毒,K_?Viruses?| P_?Kitrinoviricota?| C_?Alsuviricetes?| O_?Martellivirales?| F_?Togaviridae?| G_?Alphavirus?| S_?Getah virus,第二类,BSL-3,,,脊椎动物/蚊,蚊虫传播,,,,,是,,,血液/体液,,,,持续流行(亚洲，澳洲),,GCF_000855805.1 ,https://www.ncbi.nlm.nih.gov/assembly/GCF_000855805.1,51.9 ~ 52.9,11.6 kb,,,,,,,,,,,,[1] 28827175 ,,,,
罗西奥病毒,"Orthoflavivirus ilheusense;
Rocio virus;
ILHV;
ROCV",64315,伊列乌斯病毒,病毒,单链RNA病毒,Viruses; Riboviria; Orthornavirae; Kitrinoviricota; Flasuviricetes; Amarillovirales; Flaviviridae; Orthoflavivirus; Orthoflavivirus ilheusense; Ilheus virus,2,BSL-3,,"https://www.european-virus-archive.com/protein/rocio-virus-envelope-domain-iii-recombinant-protein

https://www.researchgate.net/figure/Detection-of-cytokines-in-nervous-tissue-cells-after-Rocio-virus-ROCV-infection-A_fig9_51544744",“鸟类是天然的宿主和扩增宿主，ROCV在自然界中以蚊子-鸟-蚊子传播循环的方式维持，主要涉及白蛉蚊子。”“ROCV很可能是在蚊子-鸟-蚊子的传播循环中维持在自然界中，而人类是偶然的终端宿主。”,它是通过蚊子传播的，主要是一种Psorophora ferox，在鸟-蚊子-鸟的循环中传播,"该研究显示，与前几年相比，人群中黄病毒特异性抗体的患病率有所增加[53,54]，与森林地区密切接触的男性的发病率高于女性，这表明在远离家园的地方更有可能暴露于ROCV[3]。至关重要的是，该研究还表明，ROCV传播中没有人际传播的证据，这加强了由食血昆虫传播的概念，人类是偶然的终端宿主。
随后在里贝拉谷进行的血清学调查一致表明，虫媒病毒感染的流行率很高，随着年龄的增长，流行率逐渐增加。有趣的是，渔民和居住在沿海城市的儿童的ROCV患病率很高，其中两人显示出最近感染的证据，这表明ROCV在城市传播[55,56,57]。",没有证据表明 ROCV 存在人际传播，这进一步证实了吸血昆虫传播以及人类是偶然的死端宿主的观点。,,突发性发热、小脑综合征和癫痫、脑炎、昏迷并伴有呼吸系统并发症、精神后遗症、神经和心理后遗症等,是,,13%（巴西圣保罗州),中枢神经系统,7-14天,患者表现为突发性发热、剧烈头痛、厌食、恶心、呕吐、肌痛、不适，严重者出现麻木、昏迷并伴有呼吸系统并发症[3]。脑炎的晚期症状包括精神错乱、反射障碍、运动障碍、脑膜刺激、小脑综合征和癫痫发作。20%的患者出现神经精神方面的后遗症:视觉、嗅觉、听觉障碍、运动协调能力不足、平衡障碍、吞咽困难、尿失禁和记忆缺陷[3]。ROCV感染的死亡率为10%,夏季和雨天 ,罗西奥病毒(ROCV)是一种蚊媒黄病毒和人类病原体。该病毒原产于巴西，于1975年首次在圣保罗州被发现，在两年的时间里，在沿海社区造成了几次脑膜脑炎流行，导致100多人死亡。,"1975 年至 1976 年间，罗西奥病毒在巴西圣保罗南部沿海社区导致了数起脑膜脑炎流行。[ 3 ]疫情影响了 1,000 多人，造成约 10% 的感染者死亡，但病毒性脑炎治疗似乎效果良好。[ 4 ] [ 5 ]该病发病后进展迅速，患者在出现症状后 5 天内死亡。该病首先表现为发烧、头痛、呕吐和结膜炎，然后发展为神经系统症状（意识模糊、定向障碍等）和肌肉无力；大约三分之一的病例会进入昏迷，其中三分之一的患者死亡，[ 4 ] [ 5 ]但重症护理和对症治疗等支持治疗可能会将病死率降低至 4%。[ 6 ]约有 20% 的幸存者会出现神经和心理后遗症。","GCA_004128575.1;  
GCA_004786495.1",https://www.ncbi.nlm.nih.gov/datasets/genome/?taxon=64315,,10794 bp ,病原罗西奥病毒属于黄病毒科黄病毒属（与寨卡病毒同属），在血清学上与伊列乌斯脑炎病毒、圣路易斯脑炎病毒、日本脑炎病毒和默里谷脑炎病毒密切相关。,,CCR5(CC-chemokine receptor 5) / MIP-1α (macrophage inflammatory protein),NS1 protein (non-structural protein 1,罗西奥病毒 （ROCV） 是巴西可能出现的一种嗜神经性黄病毒;然而，由于对这种病毒的生物学知之甚少，其检测技术有限,无,,无,,此外，检测到的 NS5 ROCV 基因 （ROCV 18） 与日本脑炎病毒复合体中的 Ilheus 病毒有关，并且没有像以前报道的那样改变与其他致病性黄病毒的系统发育树的拓扑结构 ,,"[1]https://www.ncbi.nlm.nih.gov/Taxonomy/Browser/wwwtax.cgi?mode=Info&id=64315&lvl=3&lin=f&keep=1&srchmode=1&unlock
[2]https://www.ncbi.nlm.nih.gov/Taxonomy/Browser/wwwtax.cgi?id=3052466
[3]https://en.wikipedia.org/wiki/Rocio_viral_encephalitis
[4]https://www.mdpi.com/1999-4915/13/11/2293
[5]https://view.officeapps.live.com/op/view.aspx?src=https%3A%2F%2Fwjw.fujian.gov.cn%2Fjggk%2Fcsxx%2Fkjjyc%2Fswaq_202112%2F202406%2FP020240624639399447309.docx&wdOrigin=BROWSELINK
[6]https://www.european-virus-archive.com/protein/rocio-virus-envelope-domain-iii-recombinant-protein
[7]https://www.researchgate.net/figure/Detection-of-cytokines-in-nervous-tissue-cells-after-Rocio-virus-ROCV-infection-A_fig9_51544744
[8]https://www.ncbi.nlm.nih.gov/datasets/genome/?taxon=64315
[9]https://www.ncbi.nlm.nih.gov/nuccore/MF461639.1
[10]https://pubmed.ncbi.nlm.nih.gov/24080631/
[11]https://link.springer.com/article/10.1007/s00705-017-3561-4
[12]https://wwwnc.cdc.gov/eid/article/26/4/19-0487_article",,,,
麻疹病毒,Morbillivirus hominis,3052345,,病毒,RNA病毒,Viruses;?Riboviria;?Orthornavirae;?Negarnaviricota;?Haploviricotina;?Monjiviricetes;?Mononegavirales;?Paramyxoviridae;?Orthoparamyxovirinae;?Morbillivirus,,,,,人类,飞沫传播,儿童,高度,高度,麻疹,否,中国法定乙类传染病,,,6-18天,发热、上呼吸道炎症、咳嗽、结膜炎、皮肤出现红色斑丘疹等,10月至次年2月,,2022年我国麻疹发病例数为552例，无死亡人数。?[4],GCF_000854845.1,https://www.ncbi.nlm.nih.gov/nuccore/9626945,47.5,15.9 kb,无,,,,检测血清麻疹抗体,有,麻疹减毒活疫苗。麻疹通过接种麻疹、腮腺炎、风疹三联疫苗（MMR疫苗）来预防，其两剂预防有效率为97%（一剂有效率为93%）,无,,,紫外线、过氧乙酸、甲醛、乳酸和乙醚等对麻疹病毒均有杀灭作用,,,,,
马亚罗病毒,Mayaro virus,59301,马雅罗病毒,病毒,单链RNA病毒,K_?Viruses?| P_?Kitrinoviricota?| C_?Alsuviricetes?| O_?Martellivirales?| F_?Togaviridae?| G_?Alphavirus?| S_?Mayaro virus,第二类,BSL-3,,,脊椎动物/蚊,蚊虫叮咬,,,,马雅罗病毒病/马雅罗热,是,,,血液/体液,,发热、头痛、肌痛、关节痛、寒战、皮疹、眼痛、淋巴结病、腹痛、恶心、呕吐,,持续流行(美洲),,GCF_000863385.1?,https://www.ncbi.nlm.nih.gov/datasets/genome/GCF_000863385.1/,49.7 ~ 51.2,11.4 kb,,,,,,,,,,,,[1] 35151887?,,,,
米德尔堡病毒,Middelburg virus,11023,密德堡病毒 ,病毒,单链RNA病毒,K_ Viruses | P_ Kitrinoviricota | C_ Alsuviricetes | O_ Martellivirales | F_ Togaviridae | G_ Alphavirus | S_ Middelburg virus,第二类,BSL-3,,,节肢动物，哺乳动物，人类,蚊虫传播,未知,,,,是,,,"脑脊液,血液/体液",,,,持续流行(非洲),,GCF_000921735.1 ,https://www.ncbi.nlm.nih.gov/nuccore/685497472,52.4 ~ 53.0,11.6 kb,,,,,,No,,,,,,34979534?,,,,
穆坎布病毒,Mucambo virus,60875,穆坎博病毒,病毒,单链RNA病毒,K_?Viruses?| P_?Kitrinoviricota?| C_?Alsuviricetes?| O_?Martellivirales?| F_?Togaviridae?| G_?Alphavirus?| S_?Mucambo virus,第二类,BSL-3,,,哺乳动物/爬行动物/蚊,蚊虫传播,,,,,是,,,,,发热、头痛、乏力、肌痛,,持续流行(南美),,GCF_002829885.1?,https://www.ncbi.nlm.nih.gov/datasets/genome/GCF_002829885.1/,48.2,11.4 kb,,,,,,,,,,,,[1]14292756 ,,,,
内罗毕绵羊病病毒,Orthonairovirus nairobiense,3052529,,病毒,单链RNA病毒,Viruses; Riboviria; Orthornavirae; Negarnaviricota; Polyploviricotina; Ellioviricetes; Bunyavirales; Nairoviridae; Orthonairovirus,第二类,BSL-3,,,节肢动物,,,,,,,,,,,,,,,GCF_002117695.1,https://www.ncbi.nlm.nih.gov/datasets/genome/GCF_002117695.1/,40.3 ~ 44.2,18.7kb,,,,,,,,无,,,,,,,,
尼帕病毒,Henipavirus nipahense,3052225,"Nipah henipavirus,Nipah virus,Nipah-virus",病毒,反义单链RNA病毒,"Viruses,Riboviria,Orthornavirae,Negarnaviricota,Haploviricotina,Monjiviricetes,Mononegavirales,Paramyxoviridae,Orthoparamyxovirinae,Henipavirus,Henipavirus nipahense",I,BSL-4,包膜病毒，球形的。直径150纳米。,https://viralzone.expasy.org/85,飞狐、蝙蝠、人,"直接接触：接触飞狐及其含尿液成分、
胎盘传播[1]",儿童、孕妇、免疫缺陷者易感。绝大多数免疫功能正常的人群，感染猴痘后会获得持久的免疫力，通常不会发生二次感染。,中传染性,中致病性,呼吸道疾病、发烧、头痛，脑炎,是,中国法定甲类传染病,人（57%）马（75-80%）,肺、脑、肾脏、淋巴组织,人（5-21天）；马（4-16天）,人类的症状包括发烧、咳嗽、疲劳、肌痛、头痛和眩晕。该病可发展为脑炎(嗜睡、癫痫发作、共济失调)，,无季节规律,"Australia, Malaysia","自1994年发现该病毒以来，已有7例由该病毒引起的人类疾病病例。四例是致命的（死亡率为57%），三名患者康复后没有复发。其中一名患者有致命的复发，表现为急性脑炎。
马经常表现出急性呼吸道疾病和/或神经系统疾病的迹象，该疾病进展迅速，通常在症状出现后2-3天导致死亡。在各种组织（如肺、脑、淋巴组织和肾脏）中引起肺炎和血管炎。马匹的死亡率估计为75-80%。狗在自然界中很少被感染，并且没有明显的临床感染迹象。",GCF_000863625.1,https://www.ncbi.nlm.nih.gov/datasets/genome/GCF_000863625.1/,18.2-38.6,18 Kb,no, EFNB2 EFNB3,attachment protein and fusion protein,no,"病毒培养、电镜检测、核酸检测：聚合酶链式反应(PCR)；
",有,在澳大利亚有马用的疫苗，人体没有批准的，但是有一种人单克隆抗体(m102.4)正在进行人体临床试验，并已根据紧急使用方案给暴露于HeV的人使用,Remdesivir ,利巴韦林和氯喹在体外具有抗病毒活性，暂没有临床效果. 4′-阿齐多胞苷（R1479）在体外显示对HeV的抗病毒活性，LJ001在体外抑制了其他包膜单链RNA病毒。HeV特异性单克隆抗体（m102.4）在体内对HeV感染表现出有效果。,no,,[1] 38399971,,,,
萨哈林病毒（幌筵岛病毒）,Paramushir virus,1453409,,病毒,单链RNA病毒,Viruses;?Riboviria;?Orthornavirae;?Negarnaviricota;?Polyploviricotina;?Ellioviricetes;?Bunyavirales;?Nairoviridae;?Orthonairovirus;?unclassified Nairovirus,第二类,BSL-3,,,蜱,,,,,,是,,,,,,,,,No data,,,,,,,,,,,,,,,36091847?,,,,
塞皮克病毒,Sepik virus,44026,,病毒,单链 RNA病毒,Viruses; Riboviria; Orthornavirae; Kitrinoviricota; Flasuviricetes; Amarillovirales; Flaviviridae; Orthoflavivirus; Orthoflavivirus sepikense,II,BSL-3,环状包膜病毒，在核衣壳中表现出二十面体对称性。病毒粒子相对较小，直径仅为 50 nm 左右。病毒颗粒包含三种主要结构蛋白;有两种膜相关蛋白，包膜蛋白 （E） 和膜蛋白 （M）。,无,节肢动物,"媒介生物：如蚊子；
宿主是塞皮克病毒唯一已知的来源",无,塞皮克病毒无法在人群中存活，因此无法通过蚊子媒介在人与人之间传播,低致病性,发热性疾病,Yes, ,,,,非严重发热,无,塞皮克病毒的地理分布范围仅限于巴布亚新几内亚。,无,GCF_000868725.1 ,https://www.ncbi.nlm.nih.gov/datasets/genome/GCF_000868725.1/,47.3 ~ 47.3,10.8 kb,,,包膜蛋白（E）[1],,"无针对此病毒的标准化检测方法，可采用一般的虫媒病毒诊断测试，可能导致与其他虫媒病毒或非虫媒病毒感染的交叉反应.
核酸检测： 核酸扩增检测 （NAAT），例如逆转录聚合酶链反应 （RT-PCR），可以确认患者样本中存在病毒的遗传物质 （RNA）。

抗原检测：酶联免疫吸附试验 （ELISA）、补体结合 （CF）、中和试验 （NT） 和血凝抑制试验 （HI） 可用于检测机体响应塞皮克病毒感染而产生的特异性抗体。 
",,,,,,,[1]29137162,,,,
圣路易斯脑炎病毒,Orthoflavivirus louisense,3052468,St.Louis ? encephalitis virus,病毒,正义单链RNA病毒,"Viruses,Riboviria,Orthornavirae,Negarnaviricota,Haploviricotina,Monjiviricetes,Mononegavirales,Rhabdoviridae,Alpharhabdovirinae,Lyssavirus,Lyssavirus rabies",1,BSL-3,无,无,人类、蝙蝠、野鸟、家禽、虎鲸、啮齿动物，可能还有其他哺乳动物，野生鸟类是主要的脊椎动物宿主，会立即产生足以感染蚊媒的病毒组学反应，但在感染后不会发展为明显的疾病,人类感染的主要来源是蚊子-野生鸟类的传播周期。受感染的蚊子通过叮咬受感染的动物宿主，然后叮咬人类宿主（或其他动物宿主）来传播病毒。已知传播系统性红斑狼疮病毒的主要蚊子种类是?Culex pipiens、Culex quinquefasciatus、Culex、nigripalpus?和?Culex tarsalis,蚊子多的地方,低,,高血压和血管疾病,是,,5-20%,脑,4 – 21 天,大多数感染无症状或导致短期轻度不适，尤其是在年轻人或中年人中. 感染引起的临床疾病可能包括脑炎、脑膜脑炎、脑脊髓炎、高热、意识改变、神经功能障碍、无菌性脑膜炎、颈部僵硬、头痛、肌痛、震颤、恶心、呕吐和尿路感染.症状发作通常是急性的，并可能自发消退.临床疾病的严重程度和死亡率（而不是感染率）随着年龄的增长而增加，在 60 岁以上的人群中最为普遍.高血压和血管疾病可能是感染的危险因素。根据对黄病毒属其他成员的观察，免疫功能低下的个体也可能患重病的风险更大.病死率 5-20%，急性疾病后可能出现 30-50% 的病例恢复期延长,温带地区的夏中至夏末或初秋,圣路易斯脑炎病毒分布于北美洲、南美洲和中美洲,报告病例最多的是在 1974 年至 1976 年期间，当时超过 12 次爆发导致加拿大和美国官方报告的病例超过 2000 例病例主要发生在温带地区的夏中至夏末或初秋，在较温和的气候中可全年发生.较高的温度可能会增加传播季节的长度，相对于居民数量而言，蚊子数量最多的地区（即农村地区）可能面临更大的感染风险,GCF_000866785.1?,https://www.ncbi.nlm.nih.gov/datasets/genome/GCF_000866785.1?/,42.4 ~ 49.9,10.9  Kb,,,,no,监测症状并通过血清学确认。SLEV 抗体滴度可通过血清学检测或腰椎穿刺来确定,无,Imovax Rabies，人类二倍体细胞疫苗(HDCV)，或RabAvert，一种纯化鸡胚细胞疫苗(PCECV)。,有,无,无,70%的乙醇、苯酚、福尔马林、乙醚、胰蛋白、β-丙酮和其他一些洗涤剂而灭活，不耐受pH值（低于3或高于11），并被紫外线灭活,,,,,
塔姆德病毒,Orthonairovirus tomdiense,3052538,,病毒,RNA病毒,Viruses;?Riboviria;?Orthornavirae;?Negarnaviricota;?Polyploviricotina;?Ellioviricetes;?Bunyavirales;?Nairoviridae;?Orthonairovirus,第二类,BSL-3,,,节肢动物,,,,,,是,,,,,,,,,GCF_018595155.1,https://www.ncbi.nlm.nih.gov/datasets/genome/GCF_018595155.1/,45.0 ~ 45.3,17.5 kb,,,,,,,,无,,,,,,,,
天花病毒,Variola virus,10255,"smallpox,smallpox virus,small pox virus,variola virus VAR",病毒,双链DNA病毒,"Viruses,Varidnaviria,Bamfordvirae,Nucleocytoviricota,Pokkesviricetes,Chitovirales,Poxviridae,Chordopoxvirinae,Orthopoxvirus,Variola virus",1,BSL-4,电子显微镜下形状像砖块，大小300 x 250 x 200 nm。双层膜,https://baike.baidu.com/pic/天花病毒/3111182/0/a71ea8d3fd1f4134aa10446d261f95cad1c85ef9?fr=lemma&fromModule=lemma_content-image#aid=0&pic=a71ea8d3fd1f4134aa10446d261f95cad1c85ef9,"Aquatic birds, Human, Pig, Horse, Seals","直接接触：接触
间接接触：飞沫传播",人体没有对这种病毒的免疫力,高传染性,高传染性,肺炎、腹泻、多脏器衰竭,是,中国法定丙类传染病,6%-7%,肺,1-7 天,在感染后患者会伴有发热、全身酸痛、腹痛和腹泻等症状。如果出现突然高热、继发严重并发症，甚至可能导致死亡。,季节交替,全球性分布,1918～1920年大流行 此次流行的首发于1918年1月美国东部，1918年4月在法国军队中流行，以后迅速蔓延，波及全球。此次大流行被称为人类历史上最大的瘟疫，造成的死亡总数估计约5000万人。2009年4月25日，突然传出猪流感在墨西哥爆发状况。2009年，H1N1流感在美国大面积爆发，并蔓延到214个国家和地区，导致近20万人死亡。,GCF_001343785.1,https://www.ncbi.nlm.nih.gov/datasets/genome/GCF_001343785.1/,,13.5 Kb,猪流感、禽流感和人流感,,血球凝集素（Hemagglutinin）第1型、神经氨酸酶（Neuraminidase）第1型,,"核酸检测：聚合酶链式反应(PCR)；
抗原检测：酶联免疫吸附试验(ELISA)",有,"1 猪流感全病毒灭活疫苗,猪流感灭活疫苗能有效保护断奶仔猪和种猪抵抗SI，使发病率降低30%～70%，使死亡率降低60%～87%。这类疫苗在欧美多个国家已实现商品化供应，例如Intervet公司的End－FLUence（with Imugen）和End FLUence（with Microsol Diluvac Forte），Pfizer公司的FluSure，以及Schering Plough动物保健公司的MaxiVac-FIu、MaxiVac Excell 3等等 2）人群中已开始全面使用第3代全裂解流感病毒亚单位疫苗",奥司他韦与扎那米韦,奥司他韦是神经氨酸酶抑制剂,血球凝集素（Hemagglutinin）第1型、神经氨酸酶（Neuraminidase）第1型,,,,,,
跳跃病病毒,Orthoflavivirus loupingi,3048184,Louping ill virus,病毒,正链单链RNA病毒,"Viruses,Riboviria,Orthornavirae,Kitrinoviricota,Flasuviricetes,Amarillovirales,Flaviviridae,Orthoflavivirus,Orthoflavivirus",1,BSL-4,enveloped RNA virus of 40-50 nm,无,羊、牛、鹿、猪、马、山羊、羊、骆马、狗、 山兔和小型哺乳动物，如普通鼩鼱和木鼠、红琴鸡是自然的最终宿主,在人类中，黄病毒可以通过受感染的蜱虫叮咬而传播，但大多数病例是由于吸入、处理受感染的动物以及在实验室环境或屠宰场中的穿透伤引起的,no,低传染性,无,在人类中，LIV 感染通常无症状或表现为单相或双相34.流感样症状，包括发烧、头痛和肌肉僵硬，持续 2 至 12 天24.在大约 5 天的无症状间隔后，一些患者的疾病进展为脑炎期24.脑膜脑炎或麻痹性脊髓灰质炎的症状恶化（例如发热、剧烈头痛、呕吐）和神经系统体征（例如颈部僵硬、震颤或头部/四肢）,是,无,1例,中枢神经系统和脑膜,绵羊的潜伏期平均为 8-13 天，在人类中大约 1 周,在人类中，LIV 感染通常无症状或表现为单相或双相.流感样症状，包括发烧、头痛和肌肉僵硬，持续 2 至 12 天.在大约 5 天的无症状间隔后，一些患者的疾病进展为脑炎期.脑膜脑炎或麻痹性脊髓灰质炎的症状恶化（例如发热、剧烈头痛、呕吐）和神经系统体征（例如颈部僵硬、震颤或头部/四肢,无季节规律,除澳大利亚、英国、新西兰、日本等岛屿国家外其他国家和地区都有,LIV 是一种罕见的人类疾病;报告的病例少于 50 例.在动物中，LIV 主要影响绵羊，主要局限于英国的高地放牧区，那里是地方性动物病;然而，挪威、丹麦和西班牙也发生了牲畜 LIV 病.1999 年至 2012 年间，绵羊确诊了 506 例 LIV 病例,GCA_000863165.1,https://www.ncbi.nlm.nih.gov/datasets/genome/?taxon=3048184,54.85236,11  Kb,无,,,no,LIV 抗体的血清学检测，包括补体结合、中和、血凝抑制和 ELISA，组织病理学检查，逆转录酶 PCR,无,,无,无,无,1% 次氯酸钠、2% 戊二醛、70% 乙醇、多聚甲醛、碘伏和 3-6% 过氧化氢敏感，在 56°C 下在 30 分钟内完全灭活，易受紫外线和极端 pH 值 （pH ≥ 9） 的影响,[1] 34217155,,,,
伪狂犬病病毒,Pseudorabies virus，PRV,101947,"Pseudorabies virus strain Ea
Suid herpesvirus 1 (strain Ea)",病毒,双链DNA病毒,Viruses; Duplodnaviria; Heunggongvirae; Peploviricota; Herviviricetes; Herpesvirales; Orthoherpesviridae; Alphaherpesvirinae; Varicellovirus; Varicellovirus suidalpha1; Suid alphaherpesvirus 1,3,BSL-2,病毒粒子呈椭圆形或圆形，其基因组为约150 kb的线性双链DNA分子，带包膜的成熟病毒粒子的直径约150~180 nm，包膜表面有呈放射状排列的刺突，其长度约8~10 nm,,宿主范围广泛，包括猪、牛、绵羊、山羊、猫、狗等。,间接接触：如飞沫传播、空气传播、食物和水源传播等。,,伪狂犬病毒可感染人而导致脑炎、视网膜炎。,分离获得一株猪伪狂犬病毒，经鉴定该分离株为流行变异株，而且具有较强的致病力,伪狂犬病; 人急性脑炎; 病猪的神经病理学改变为脑脊髓炎与神经节炎,是,乙类传染病,脑炎病人的死亡率高达5%至10%; 日本出现疾病症状者的病死率可高达30%,脑,猪感染一般为3～6天；人感染中位潜伏期为7天,"病猪的神经病理学改变为脑脊髓炎与神经节炎。人类重症病毒性脑炎。人类PRV脑炎具有较特征性的临床表现与神经影像学改变：患者主要为从事生猪产业并有病猪接触史，急性起病，发热、头痛、癫痫发作、意识障碍，可合并视网膜炎。影像学提示大脑灰质受累为主的坏死性脑炎，受累部位包括边缘系统、基底节与脑干等，阿昔洛韦或者更昔洛韦治疗可能有效[5,7]。",伪狂犬病可以一年四季发病，其中寒冷季节和母猪产仔较旺的季节容易发病,福建、山东、天津,2011年10月，首先在天津、河南、河北、山东等养殖密度较大的华北地区开始；2012年3月，蔓延至安徽、江苏、上海等华东地区，11月在广东、广西暴发；2013年4月，我国中东部十余个省市开始大面积暴发；2014年，已蔓延至全国，但主要流行在东北、华中、华北、华东等养猪密集地区。,BU001744,https://www.ncbi.nlm.nih.gov/pmc/articles/PMC303424/,,"143,461 bp",PRV存在两个基因型，分别是G1和G2，而在我国流行的是G2型。通过对gC基因的进化树分析发现，欧美分离株可归为一个大分支，被归类为基因I型；而中国分离株与韩国分离株则可归为另一个大分支，属于G2型。G2型又可以分为两个小分支。2010年之前分离的毒株与MinA株以及Ea株代表的亲缘关系较近，处于同一个小分支内，这些被认为是经典毒株（2.1亚型）；而2012年之后分离的流行毒株则更为相近，与之前提到的MinA株和Ea株的亲缘关系较远，处于另一个分支中，这些则被称为伪狂犬变异毒株（2.2亚型）。,人源nectin-1,NPSR, tk和gE基因,实时荧光PCR法,有,灭活疫苗和弱毒活疫苗,有,Torin1自噬诱导剂,伪狂犬病病毒gE蛋白,用甲醛灭活,,,,,
委内瑞拉马脑炎病毒,Venezuelan equine encephalitis virus,11036,"Venezuelan equine encephalomyelitis, VEEV, VEE, Venezuelan equine fever, arbovirus",病毒,正义单链RNA病毒,"Viruses,Riboviria,Orthornavirae,Kitrinoviricota,Alsuviricetes,Martellivirales,Togaviridae,Alphavirus,Venezuelan",1,BSL-3,,,马和人类是最常见的宿主;然而，其他各种动物已被证明容易受到感染；这些包括猫、狗、牛、山羊、猪、啮齿动物和鸟类等哺乳动物,?VEE 病毒最常通过受感染的蚊子叮咬传播，但它也通过气溶胶具有很强的传染性； VEE 病毒最常通过受感染的蚊子叮咬传播，但它也通过气溶胶具有很强的传染性,no,低传染性,低致病性,脑炎，脑、肺和胃肠道出血，,是,,0.01,4-14%中枢神经系统,几天到7年以上，75%患者在接触后90内发病,在人类中，这种病毒通常会引起轻度至重度流感样症状，但 4-14% 的病例会出现神经系统并发症2.儿童和年轻人更容易因感染而患上脑炎;然而，人类死亡病例很少见，约占所有报告病例的 1%，在接触病毒后 2 至 5 天，头痛、肌痛、疲劳、呕吐、恶心、腹泻、咽炎和发烧等流感样症状会突然出现3.VEE 病毒还可引起眶后和枕部头痛以及白细胞减少症和心动过速3.脑炎的症状仅在少数病例中出现，发生在暴露后 4-10 天，包括嗜睡、抽搐、意识模糊、畏光和昏迷。致命的人类病例通常是由脑炎以及脑、肺和胃肠道出血引起的.这种病毒可造成长期的神经损伤，并可感染孕妇的胎儿，导致出生缺陷和死产4.通常，症状持续 3 至 8 天，并且可能是双相的，在初始症状后 4 至 8 天复发,无季节规律,除澳大利亚、英国、新西兰、日本等岛屿国家外其他国家和地区都有,"VEE 病毒的流行性动物病和地方性动物病菌株范围从阿根廷北部到佛罗里达州和落基山脉的部分地区;然而，它在南美洲北部最为普遍.该病毒于 1935 年在哥伦比亚、委内瑞拉和特立尼达爆发后首次在马身上观察到，并于 1938 年被分离出来.在 1960 年代，哥伦比亚报告了超过 200,000 例人类病例和 100,000 匹马死亡，委内瑞拉和墨西哥发生了较小的流行病.1995 年，委内瑞拉和哥伦比亚报告了 75,000 至 100,000 例感染.由于蚊子数量的增加，疫情通常发生在暴雨季节之后.为马接种 TC-83 疫苗和防止蚊子（防护服、杀虫剂）是减少 VEE 爆发的一些拟议方法",GCF_000862105.1??GCF_002889695.1?,https://www.ncbi.nlm.nih.gov/datasets/genome/GCF_002889695.1?/https://www.ncbi.nlm.nih.gov/datasets/genome/GCF_000862105.1?/,24.7 ~ 50.8,174  Kb,,,,no,"通过从具有 CNS 并发症的感染个体的 CSF 中分离病毒来确认感染，并通过血清中和 （SN）、补体结合 （CF） 和血凝抑制 （HI） 检测等血清学检测确定抗体滴度5,15,16.许多实验室技术可用于确认虫媒病毒感染，包括 PCR、ELISA 和血清学，以及组织切片的免疫组织化学 （IHC） 染色",有,研究性 TC-83 减毒活疫苗；福尔马林灭活疫苗 （C-84）仅供研究人员使用,无,,,与其他包膜病毒一样，VEE 病毒对 1% 次氯酸钠、4% 甲醛、2% 戊二醛、70% 乙醇、3-6% 过氧化氢和 2% 过氧乙酸等消毒剂敏感；使用湿热或干热可以灭活微生物；Toga 病毒可通过在 65°C 下加热 15 分钟来灭活,,,,,
西方马脑炎病毒,Western equine encephalitis virus,11039,"Rabies lyssavirus,Rabies virus",病毒,正义单链RNA病毒,"Viruses,Riboviria,Orthornavirae,Kitrinoviricota,Alsuviricetes,Martellivirales,Togaviridae,Alphavirus,Western",1,BSL-3,EEEV 和 WEEV 属于?Togaviradae?科的甲病毒属.它们的直径为 65-70 nm，小的球形和包膜病毒，具有二十面体对称性和三角剖分数,,人类、爬行动物、蝙蝠、野鸡、野鸟、蚊子、马、狗和啮齿动物,主要的 EEEV 和 WEEV 传播周期发生在鸟类和蚊子之间（EEEV 的黑毛库蚊和 WEEV 的睑库蚊），这两种病毒都是通过节肢动物（如伊蚊、Coquillettidia 和库蚊属）叮咬自然传播给人类的，这些节肢动物以鸟类和人类为食,no,低传染性,高致病性,虫媒病毒脑炎,是,,东部马脑炎(EEE)是最严重的虫媒病毒性脑炎，死亡率为50%至75%，西部马脑炎病毒的死亡率为3- 7%,中枢神经系统,EEEV 的潜伏期超过 1 周（范围为 4-10 天），WEEV 的潜伏期为 2-7 天,东方马脑炎 （EEE） 是虫媒病毒脑炎中最严重的，死亡率为 50% 至 75%.该病的症状包括发烧、头痛、呕吐、呼吸道症状、白细胞增多、头晕、意识水平下降、震颤、癫痫发作和局灶性神经系统体征.感染后 3 至 5 天内可死亡，那些幸存下来的人患有神经系统后遗症，包括抽搐、瘫痪和智力低下.脑水肿、缺血和灌注不足存在于疾病的早期阶段.WEEV 在人类中引起无症状或轻度感染，具有非特异性症状，例如突然发热、头痛、恶心、呕吐、厌食和不适.一些患者还可能出现精神状态改变和虚弱，伴有脑膜刺激的体征.在极少数情况下，WEEV 感染可引起脑炎或脑脊髓炎，导致颈部僵硬、意识模糊、视觉障碍、畏光、强直阵挛发作、嗜睡、昏迷和死亡.15% 到 50% 的脑炎幸存者，尤其是幼儿，患有永久性神经损伤（智力低下、情绪不稳定和痉挛性麻痹）.西方马脑炎病毒的死亡率为 3-7 %,在加拿大，EEEV 引起的感染主要发生在春季；在美国，每年夏天都会发生小规模爆发；,EEEV 广泛分布于北美、中美洲和南美洲;加勒比地区;加拿大东部沿海地区;波兰;前苏联;泰国;菲律宾;和前捷克斯洛伐克,EEEV 广泛分布于北美、中美洲和南美洲;加勒比地区;加拿大东部沿海地区;波兰;前苏联;泰国;菲律宾;和前捷克斯洛伐克.在美国，由 EEEV 引起的人类感染通常是零星的，每年夏天都会发生小规模爆发，主要发生在大西洋和墨西哥湾沿岸.此外，疾病控制和预防中心报告称，1964 年至 2004 年间，美国发生了 220 例确诊的人类 EEE 病例.在加拿大，EEEV 引起的感染主要发生在春季，与鸟类从美国南部迁徙到加拿大北部有关.WEEV 病毒广泛分布在北美洲和南美洲，但在中美洲不存在.美国疾病控制和预防中心报告称，1964 年至 2004 年间，美国发生了 639 例确诊的人类 WEE 病,GCA_000862705.1,https://www.ncbi.nlm.nih.gov/datasets/genome/GCF_000862705.1/,24.0 ~ 50.2,11.6  Kb,,,,no,EEEV 和 WEEV 感染均可使用血清学检测（如 ELISA）来检测血清和 CSF 中的 IgM 抗体，逆转录聚合酶链反应 （RT-PCR） 和实时 RT-PCR 等分子生物学方法也可用于检测临床标本中的 WEEV/EEEV 特异性 RNA,无,无,无,无,,EEEV 可通过暴露于浓度为 50% 的乙醇 60 分钟来灭活8.大多数包膜病毒也对 1% 次氯酸钠、2% 戊二醛、季铵化合物和酚类物质敏感，物理灭活：使用湿热和干热可以灭活微生物11.EEEV 可被紫外线灭活,,,,,
希普尔病毒,"Hypr virus,Tick-borne encephalitis virus",11084,"HYPRV,Tick-borne encephalitis virus,TBEV",病毒,阳性链RNA病毒,Viruses; Riboviria; Orthornavirae; Kitrinoviricota; Flasuviricetes; Amarillovirales; Flaviviridae; Orthoflavivirus; Orthoflavivirus encephalitidis,I,BSL-3,TBEV被包含在一个40-60纳米的球形有包膜衣壳中。[1] TBEV的基因组大约为11kb，包含一个5'帽子、一个单一开放阅读框（ORF），并且有3'和5'非翻译区（UTR），但没有聚腺苷酸化。[1],https://en.wikipedia.org/wiki/File:Tick-Borne_Encephalitis_Virus.png,"节肢动物,人类,鸟类,哺乳动物,灵长类动物,鼠类","                        2. 间接接触：如飞沫传播、空气传播、食物和水源传播等。
                        3. 媒介生物：如蚊子、苍蝇、跳蚤等。",感染的风险随着年龄的增长而增加；同时在40岁以上的人群中，男性比女性感染的风险更大。,中传染性,中致病性,脑膜炎、脑炎、脊髓炎或神经根炎,是,NA,该病总体死亡率为1％至2％，但在出现神经系统症状的显性感染患者中，该病病死率可高达30%，死亡通常发生在神经系统症状出现后的5至7天[2]。,大脑,4–28天,大多数患者表现为隐性感染，少数患者为显性感染。72–87％显性感染患者的临床表现为双相型，首发表现为轻度发烧、全身乏力、头痛、恶心、呕吐和肌痛等非特异性症状。显性感染的首发表现通常在1周内自行消退，并在第2周出现神经系统症状等继发表现。该病可导致长期的神经系统症状，包括脑炎、脑膜炎或脑膜脑炎[3]。,春季， 夏季,普遍高发于欧洲地区、西伯利亚地区、中国北部和日本等,"TBEV 病毒的识别发生在 1930 年代的苏联[4];
中国 TBE 的年发病率在 2007 年至 2018 年间从每 10 万人 0.09 上升到 0.44[5]。",GCF_000863125.1,https://www.ncbi.nlm.nih.gov/datasets/genome/GCF_000863125.1/,54,"	11.1 kb",该病毒可分为三个亚型：欧洲亚型（由篦子硬蜱传播），西伯利亚亚型（由全沟硬蜱传播），以及远东亚型（原名俄罗斯春夏脑炎病毒，由肩突硬蜱传播）[6]。,,Glycoprotein E,,"
抗原检测：酶联免疫吸附试验(ELISA)",有,疫苗名称： 森林脑炎疫苗。本品系用森林脑炎病毒接种地鼠肾细胞培育后再以甲醛溶液灭活制成的死疫苗。接种后1.5～2个月抗体水平达高峰，免疫力可维持1年左右,无,无,糖蛋白 E 是 TBEV 的主要抗原，负责受体结合和膜融合,巴氏灭菌法,"[1] Mansfield KL, Johnson N, Phipps LP, Stephenson JR, Fooks AR, Solomon T (August 2009).?""Tick-borne encephalitis virus - a review of an emerging zoonosis"".?The Journal of General Virology.?90?(Pt 8): 1781–1794.?doi:10.1099/vir.0.011437-0.?PMID?19420159 
[2]Kaiser R. Tick-borne encephalitis. Infect. Dis. Clin. North Am. September 2008, 22 (3): 561–75, x. PMID 18755391. doi:10.1016/j.idc.2008.03.013.
[3]Riccardi N. Tick-borne encephalitis in Europe: a brief update on epidemiology, diagnosis, prevention, and treatment.. Eur J Intern Med. 22 January 2019, 62: 1–6. PMID 30678880. doi:10.1016/j.ejim.2019.01.004.
[4] Blom K, Cuapio A, Sandberg JT, Varnaite R, Micha?lsson J, Bj?rkstr?m NK, et al. (2018). ""l-Mediated Immune Responses and Immunopathogenesis of Human Tick-Borne Encephalitis Virus-Infection"". Frontiers in Immunology. 9: 2174. doi:10.3389/fimmu.2018.02174. PMC 6168641. PMID 30319632.
[5] Tick-Borne Encephalitis—Review of the Current Status. J Clin Med. 2023 Oct; 12(20): 6603. PMID: 37892741. doi: 10.3390/jcm12206603
[6]Goodman JL, Dennis DT, Sonenshine DE (2005). ""ick-Borne Encephalitis"". Tick-Borne Diseases of Humans. Washington, DC: ASM Press. p. 151. ISBN 978-1-55581-238-6...go",,,,
辛德比斯病毒,Sindbis virus,11034,,病毒,单链RNA病毒,Viruses; Riboviria; Orthornavirae; Kitrinoviricota; Alsuviricetes; Martellivirales; Togaviridae; Alphavirus,第二类,BSL-2,,,节肢动物/人类/啮齿动物,蚊虫传播,,,,辛德毕斯病,是,,,血液/体液,,早期皮肤损害，出现红斑，肌痛，随后直接损害患者中枢神经系统，引起脑膜炎、脑炎、脑膜脑炎等严重症状,夏季,,1952年首先在埃及尼罗河三角洲地区捕获的单条库蚊中分离到病毒，1961年在非洲乌干达发现首批临床病例，5名患者出现头疼、肌痛及全身不适症状，从患者血液分离出辛德毕斯病毒。随后在南非儿童中也发现该病，表现为发烧、皮肤病变和关节疼痛。随着调查范围扩大，研究者发现该病在全球分布十分广泛，非洲、欧洲、亚洲和澳洲都相继从蚊类、鸟类分离出病毒，东半球绝大多数国家存在该病。,GCF_000860545.1?,https://www.ncbi.nlm.nih.gov/nuccore/9790313,48.3 ~ 52.0,"	11.7 kb",,,,,1.血清学方法，主要有：补体结合实验、中和法、免疫荧光法、酶标法等；                                                      2.多聚酶链式反应（PCR）等。,无,,无,,,56°C30分钟完全灭活,[1]29781426 ,,,,
伊尼尼病毒（辛布正布尼亚病毒）,Inini virus (Simbu orthobunyavirus),3052441,"Orthobunyavirus simbuense,Simbu bunyavirus group,
Simbu serogroup,
Simbu virus,
Simbu virus Group",病毒,单链RNA病毒,"
K_ Viruses | P_ Negarnaviricota | C_ Ellioviricetes | O_ Bunyavirales | F_ Peribunyaviridae | G_ Orthobunyavirus | S_ Orthobunyavirus simbuense",第二类,BSL-3,,,It was isolated from Culex tritaeniorhynchus mosquitoes while domestic pigs are the primary mammalian hosts for this virus. ,存在于猪、鸟中，可通过蚊子传播给人类，可进一步通过输血、移植、性接触、怀孕和分娩传播给大量人群,传播通常发生在热带和亚热带地区，疫情可能与媒介种群的繁殖周期有关,高,低,,是,危害程度分类第二类,"不知；there is no information on its prevalence, mortality, and morbidity as well as co-infection capacity with other similar viruses",,,如发热性疾病（如发烧、头痛、发冷、肌肉和关节痛）、脑膜炎和小儿脑炎（脑部炎症）,无季节规律,"
热带与亚热带；它只能在库蚊种群最多的农村地区引起零星感染",2004 年，在对越南北部儿童脑炎病原体进行监测时，首次从库蚊中分离出 Cat Que 病毒 (CQV)，随后在 2008-12 年也从乌干达分离出该病毒。这是对脑炎病例中的虫媒病毒进行监测的结果；在脑炎病例中，除了日本脑炎病毒 (JEV) 外，还发现了一种新出现的病毒，并且也被怀疑是脑炎病原体。这些新的病毒被鉴定为 Cat Que 病毒 (VN 04-2108)，这是在 Manzanilla 物种复合体中发现的一种新菌株。这个名字被建议作为获得受感染蚊子的越南社区的名称 [21],"	
GCF_000897575.1",https://www.ncbi.nlm.nih.gov/datasets/genome/?taxon=3052441,"

34.5 ~ 34.5",12.2 kb,"Twenty-two (22) officially recognized viruses included in Simbu serogroup and these viruses have been grouped into seven species complexes based on the complete coding sequence of M Segments (Akabane, Manzanilla, Oropouche, Sathuperi, Simbu, Shamonda, and Shuni [7]. The ICTV assign a rank to bunyaviruses into specific genera and species based upon serological cross-reactivity, size of the genome and its mechanism, protein and conserved sequences [8]. As many new bunyaviruses were discovered, these criteria change now. It is difficult to assign a rank to the newly discovered virus as the process of reassortment in bunyaviruses is responsible for the major phenotypic changes. So it is necessary to understand the genome sequences for their classification and relevance to humans and animals [8,9,10,11,12]. A whole-genome sequence of only 12 viruses in the Simbu serogroup has been available, while some other viruses are yet to be identified",,,,"The ICTV assign a rank to bunyaviruses into specific genera and species based upon serological cross-reactivity, size of the genome and its mechanism, protein and conserved sequences",无,,无,,,,https://www.ncbi.nlm.nih.gov/Taxonomy/Browser/wwwtax.cgi?mode=Info&id=3052441;https://nmdc.cn/gcpathogen/species?taxonid=3052441;https://view.officeapps.live.com/op/view.aspx?src=https%3A%2F%2Fwjw.fujian.gov.cn%2Fjggk%2Fcsxx%2Fkjjyc%2Fswaq_202112%2F202406%2FP020240624639399447309.docx&wdOrigin=BROWSELINK;https://link.springer.com/article/10.1007/s13337-021-00745-9,,,,
伊塞克病毒,Orthonairovirus issykkulense,1453408?,Issyk-Kul virus,病毒,,Viruses; Riboviria; Orthornavirae; Negarnaviricota; Polyploviricotina; Ellioviricetes; Bunyavirales; Nairoviridae; Orthonairovirus; Orthonairovirus issykkulense,Ⅱ,BSL-3,,,植物、哺乳动物,蜱虫叮咬和接触蝙蝠粪便和尿液传播,,,,,是,,,,,伊塞克湖病毒已被描述会导致人类散发性发热暴发，伴有头痛、肌痛和恶心,,,伊塞克湖病毒于 1970 年首次从吉尔吉斯斯坦的夜蝠中分离出来，后来在塔吉克斯坦和哈萨克斯坦分离出来。,,,40.1 ~ 40.3,,,,,,,,,,,,,,,,,
伊泰图巴病毒,Phlebovirus itaitubaense,3052654,Itaituba phlebovirus，ITAV,病毒,ssRNA,Viruses; Riboviria; Orthornavirae; Negarnaviricota; Polyploviricotina; Ellioviricetes; Bunyavirales; Phenuiviridae; Phlebovirus; Phlebovirus itaitubaense,II,BSL-3,病毒颗粒（virion）通常是球形或多形态的，直径为80-120纳米，表面显示有5-10纳米的糖蛋白突起，这些突起嵌入一个大约5纳米厚的脂双层包膜中。病毒的包膜通常来源于细胞的高尔基体膜，偶尔也可能来源于细胞表面膜。病毒的核糖核蛋白（ribonucleocapsids）直径为2-2.5纳米，长度为200-3000纳米，通常（但不总是）显示出螺旋对称性。,\,啮齿动物,"1.直接接触：如皮肤接触、性接触等。
2. 媒介生物：如蚊子、苍蝇、跳蚤等。
3.血液或血制品：如艾滋病病毒、乙型肝炎病毒等。",\,\,低致病力,\,\,\,\,\,\,\,无季节规律,目前只在南美检测到两例,,GCA_013086305.1,https://www.ncbi.nlm.nih.gov/datasets/genome/GCF_013086305.1/,39.7 ~ 39.7,"	12.6 kb",,,,,"1.核酸检测
     2.血清学检查
                3.分离检测[1]",无,,无,,,,1. https://doi.org/10.3390/v13081500,,,,
乙型流感病毒,Betainfluenzavirus influenzae,2955465,,病毒,反义单链RNA,"Viruses,Riboviria,Orthornavirae,Negarnaviricota,Polyploviricotina,Insthoviricetes,Articulavirales,Orthomyxoviridae,Betainfluenzavirus,Betainfluenzavirus?",3,BSL-2,有包膜,https://baike.baidu.com/pic/乙型流感病毒/12667734/1/562c11dfa9ec8a131e90c535f103918fa1ecc059?fr=lemma&fromModule=lemma_content-image#aid=1&pic=562c11dfa9ec8a131e90c535f103918fa1ecc059,人类、猪、禽类,"直接接触：接触
间接接触：飞沫传播",各年龄段人群均易感，老人、儿童、身体虚弱者更容易发病，隐性感染者为主要传染源。,高传染性,高致病性,肺炎、腹泻、多脏器衰竭,是,中国法定丙类传染病,对于免疫力较强的人群，感染流感后病死率非常低，一般不会高于10%，对于慢性疾病多，免疫力极差的人群，感染流感后，若引起病毒性肺炎等并发症，死亡率可达100％。,肺,1-4天,在感染后患者会伴有发热、全身酸痛、腹痛和腹泻等症状。如果出现突然高热、继发严重并发症，甚至可能导致死亡。,季节交替,全球性分布,乙型流感呈暴发或小流行，不引起世界性流感大流行。,GCF_000820495.2,https://www.ncbi.nlm.nih.gov/datasets/genome/GCF_000820495.2/,40,14.5kb,,,血球凝集素（Hemagglutinin）第1型、神经氨酸酶（Neuraminidase）第1型,,"核酸检测：聚合酶链式反应(PCR)；
抗原检测：酶联免疫吸附试验(ELISA)",有,流感疫苗,奥司他韦与扎那米韦,奥司他韦是神经氨酸酶抑制剂,血球凝集素（Hemagglutinin）第1型、神经氨酸酶（Neuraminidase）第1型,,,,,,
哈桑病毒,Khasan virus,24640166,克里米亚—刚果出血热病毒（新疆出血热病毒）,病毒,单链RNA病毒,Viruses;Riboviria;Orthornavirae;Negarnaviricota;Polyploviricotina;Ellioviricetes;Bunyavirales;Peribunyaviridae;unclassified Peribunyaviridae;Khasan virus,II,BSL-3,,,蜱虫,,,低传染性,高致病性,刚果出血热,,,,,,,,,,GCA_031578545.1,https://www.ncbi.nlm.nih.gov/datasets/genome/GCA_031578545.1/,45.5,6.5 kb,,,,,,,,,,,,,,,,
加尔巴病毒,加尔巴病毒,2734404,"Garba sunrhavirus, Garba virus",virus,ssRNA(-),Viruses;Riboviria;Orthornavirae;Negarnaviricota;Haploviricotina;Monjiviricetes;Mononegavirales;Rhabdoviridae;Alpharhabdovirinae;Sunrhavirus;Sunrhavirus garba,II,BSL-3,,,蚊子、叮咬的蠓或鸟类,,,,,,,,,,,,,中非,,GCF_013088625.1,https://www.ncbi.nlm.nih.gov/datasets/genome/GCF_013088625.1/,38.5,"10,821",,,,,,,,,,,,,,,,
拉兹丹病毒,Bandavirus razdanense,3051994,,病毒,单链RNA病毒,K_?Viruses?| P_?Negarnaviricota?| C_?Ellioviricetes?| O_?Bunyavirales?| F_?Phenuiviridae?| G_?Bandavirus?| S_?Bandavirus razdanense,II,BSL-3,,,蜱,媒介传播,,,,,,,,,,,,,,GCF_000913675.1,https://www.ncbi.nlm.nih.gov/datasets/genome/GCF_000913675.1/,45.5,"11,470",,,,,,,,,,,,,,,,
库里奥罗尚博病毒,Curiovirus rochambeau,1985691,罗尚博库里奥病毒,病毒,单链RNA病毒,Viruses;Riboviria;Orthornavirae;Negarnaviricota;Haploviricotina;Monjiviricetes;Mononegavirales;Rhabdoviridae;Alpharhabdovirinae;Curiovirus;Curiovirus rochambeau,II,BSL-3,,,无脊椎动物/昆虫/蚊子,,,,,,,,,,,,,,,GCF_002146005.1,https://www.ncbi.nlm.nih.gov/datasets/genome/GCF_002146005.1/,42,13.6 kb,,,,,,,,,,,,,,,,
墨累谷脑炎病毒,Murray Valley encephalitis virus,11079,墨累山谷脑炎病毒、墨累河谷脑炎病毒、澳大利亚X病、澳大利亚脑炎、蚊媒脑炎、病毒性脑炎、黄病毒,病毒,单链RNA病毒,Viruses; Riboviria; Orthornavirae; Kitrinoviricota; Flasuviricetes; Amarillovirales; Flaviviridae; Orthoflavivirus; Orthoflavivirus murrayense,II,BSL-3,包膜的球状正链RNA病毒，具有二十面体核衣壳，直径约为40-70 nm,,人类、蚊子、苍鹭、鹈鹕、牛、马、有袋动物、猴子、羊、野猪、鼠类,间接接触：蚊虫叮咬,,无传染性,高致病性,Murray Valley脑炎,是,乙类,20.00%,中枢神经系统，包括脑、脑干和脊髓,5-28天,,2月至4月,澳大利亚和新几内亚,1974年澳大利亚爆发58例病例，其中13例死亡；2001-2006年每年报告2例临床病例,GCF_000863565.1,https://www.ncbi.nlm.nih.gov/datasets/genome/GCF_000863565.1/,48.5,"11,014",,,,,核酸检测：聚合酶链式反应(PCR)，抗原检测：酶联免疫吸附试验(ELISA),无,,无特效药物,仅提供支持性治疗,,对1%次氯酸钠、2%戊二醛、4%甲醛、70%乙醇或丙醇、2%过乙酸、0.16%碘、3-6%过氧化氢敏感；热处理在50°C下10分钟可使病毒活性减少50%，在56°C下30分钟可完全灭活,,,,,
伊年加皮病毒,Arurhavirus inhangapi,2734371,,病毒,单链RNA病毒,Viruses;Riboviria;Orthornavirae;Negarnaviricota;Haploviricotina;Monjiviricetes;Mononegavirales;Rhabdoviridae;Alpharhabdovirinae;Arurhavirus;Arurhavirus inhangapi,II,BSL-3,,,白蛉,,,,,,,,,,,,,,,GCF_001431955.1,https://www.ncbi.nlm.nih.gov/datasets/genome/GCF_001431955.1/,37.5 ~ 37.6,12 kb,,,,,,,,,,,,,,,,
乙型脑炎病毒,Orthoflavivirus japonicum,3048158,日本脑炎,病毒,单链RNA病毒,Viruses;Riboviria;Orthornavirae;Kitrinoviricota;Flasuviricetes;Amarillovirales;Flaviviridae;Orthoflavivirus;Orthoflavivirus japonicum,II,BSL-2,有包膜，直接40-50纳米,,人、鸟、猪、牛、马、蝙蝠、爬行动物，其具有一种动物源性循环，包括猪作为储存宿主，水鸟作为携带者，以及蚊子（库蚊属和伊蚊属）作为传播媒介。人类被视为日本脑炎病毒的“死胡同”宿主，因为他们通常表现出低病毒血症水平，不足以感染取食的蚊子。,被感染性蚊子叮咬,婴儿和老年人更有可能患上重症,无传染性,中致病性,病毒性脑炎,是的，通过蚊子叮咬感染动物；引起马脑炎、猪自然流产和死产,中国法定乙类传染病,每年约有100000例有症状的人类乙脑病例，导致约25000人死亡。只有0.1-4%的人类感染会导致症状，但有症状的病例死亡率为20-30%，30-50%的幸存者会出现长期的神经/精神后遗症,中央神经系统（尤其是大脑）,5-15天,大多数日本脑炎病毒感染都是轻微的，个人只有短暂的发烧和头痛，或者可能没有症状。然而，大约每250例感染中就有一例可能成为严重疾病，症状包括高烧、头痛、颈部僵硬、定向障碍、反射增强、痉挛性瘫痪、意识丧失、昏迷和死亡。,主要在温带夏季传播；热带地区全年无休，雨季达到高峰,主要在亚洲；农村和城市地区都有合适的蚊子媒介,高流行地区每2-15年复发一次疫情，疫情期间死亡率很高,GCF_000862145.1,https://www.ncbi.nlm.nih.gov/datasets/genome/GCF_000862145.1/,51.5,11 kb,,热休克蛋白70（HSP 70），糖调节蛋白78（GRP 78），热休克共同蛋白70（HSC 70），和 CD4蛋白是可能的人感染受体蛋白，而树突状细胞特异性间质黏附分子3捕获非整合素（DC-SIGN）和肝素硫酸（Heparan Sulfate）被证明也起到了辅助的作用,E 蛋白,乙脑病毒可能利用多巴胺介导的神经元通讯来增加D2R表达细胞对乙脑病毒感染的易感性,血清学检测：中和试验、血凝抑制、酶联免疫吸附试验(ELISA)/抗原检测：免疫荧光检测病毒抗原,有,IC51疫苗（IXIARO）在6个月时的血清转化率为95%。它被描述为安全、耐受良好、有效，适合儿童、成人和老年人。,无,无,,易受消毒剂影响-70%乙醇、2%戊二醛、3-8%甲醛、1%次氯酸钠、碘、苯酚碘伏和有机溶剂/洗涤剂；物理失活：受热失活；在50℃下10分钟内减少50%，在56℃下30分钟内完全灭活；对紫外线和伽马射线照射敏感,,,,,
鸠宁病毒,Mammarenavirus juninense,2169991,阿根廷哺乳动物沙粒病毒，胡宁沙粒病毒,病毒,,Viruses;?Riboviria;?Orthornavirae;?Negarnaviricota;?Polyploviricotina;?Ellioviricetes;?Bunyavirales;?Arenaviridae;?Mammarenavirus,第一类,BSL-4,,,啮齿动物是天然宿主，主要是?Calomys musculinus（旱地维斯帕鼠）和?Calomys laucha（小型维斯帕鼠），但在?Akodon azarae（草鼠）、Bolomys obscurus（深色波洛鼠）、Mus musculus（家鼠）和?Oligoryzomys flavescens（黄猪米鼠）中也发现了 Junin 病毒抗原.人类是意外宿主，实验室饲养的小鼠、大鼠、豚鼠和非人灵长类动物是实验宿主,人类接触胡宁病毒被认为主要通过吸入受感染啮齿动物的雾化体液（血液、唾液）或排泄物（尿液、粪便）发生，通常是在农业工作期间).也可通过皮肤病变接触受感染的啮齿动物分泌物和/或排泄物进行传播,孕妇,,不适、眶后疼痛、恶心、呕吐、上腹痛、畏光、头晕、瘀点、便秘或轻度腹泻,阿根廷出血热,是的，受感染的啮齿动物通过它们的分泌物和排泄物将病毒传播给人类,,在有症状的患者中：死亡，20-30%,,>3年,不适、眶后疼痛、恶心、呕吐、上腹痛、畏光、头晕、瘀点、便秘或轻度腹泻,,阿根廷,澳大利亚?（3），?美国?（3），?阿根廷?（3）,GCF_000856545.1?,Mammarenavirus juninense genome assembly ViralMultiSegProj15028 - NCBI - NLM,41.3 ~ 42.0,10.5 kb,,,,,从血液和粘膜分泌物中分离病毒（并在细胞培养中繁殖）可以从疾病的前驱期开始进行;然而，RT-PCR 对早期遇到的低病毒血症具有更高的敏感性，从而可以更快地对感染做出反应 ）。其他技术，如 IgM 和 IgG ELISA、抗原检测 ELISA 和中和试验也经常用于检测胡宁病毒,有,胡宁病毒减毒活疫苗Candid#1,有,利巴韦林、三氟拉嗪和氯丙嗪敏感,,与所有脂质包膜病毒一样，胡宁病毒很容易被戊二醛、福尔马林、多聚甲醛等常见固定剂灭活;氯基消毒剂，如 1% 次氯酸钠;以及 70% 的酒精、过氧化氢、过氧乙酸、季铵化合物和碘伏化合物,,,,,
马秋波病毒,Mammarenavirus machupoense,3052317,Machupo virus,病毒,,Viruses;?Riboviria;?Orthornavirae;?Negarnaviricota;?Polyploviricotina;?Ellioviricetes;?Bunyavirales;?Arenaviridae;?Mammarenavirus,1,BSL-4,马丘波病毒于 1959 年首次分离，是沙粒病毒科的新世界沙粒病毒。它是球形和多形性的，直径为 50 – 300 nm（平均为 120 nm），并且具有单链和双段的?RNA?基因组。位于病毒内部的核糖体在电子显微镜下具有特有的沙状外观，并被包裹在致密的含脂质包膜中，具有 8 – 10 nm 长的棒状突起,,啮齿动物是自然界中主要和最常见的宿主(1).人类、蜱虫和蚊子也可能被感染,病毒的传播主要是通过受感染的啮齿动物排泄物或分泌物的尘埃颗粒的气溶胶传播。(1).还观察到院内传播,,虽然罕见，但病毒可能通过院内传播进行人际传播,,病毒性出血热 （VHF）、玻利维亚出血热 （BHF）、南美洲出血热、沙粒病毒、黑色斑疹伤寒、Ordog 热,是的 – 病毒最常通过栖息在受感染啮齿动物身上的蜱虫叮咬伤口传播给人类(1)蚊科(1)，或通过吸入受感染啮齿类动物的微乳晕溶胶,,0.18,血管,,病毒性出血的主要临床特征包括微血管损伤和血管通透性变化、发热、肌痛（肌肉疼痛）和虚脱(3).初始症状可能包括结膜充血、轻度高血压、潮红、牙龈出血和蛀牙、头痛、关节痛和瘀点出血。症状可进一步发展为休克和全身性粘膜出血、鼻出血、呕血、黑便、血尿，并伴有神经系统损伤，如震颤、癫痫发作和昏迷(4).1960 年代疫情暴发期间的病死率为 22%,,发病率集中在玻利维亚及周边地区。马丘波病毒的流行仅限于其特定啮齿动物宿主的位置，这些宿主常见于热带草原和温带森林地区、玻利维亚平原东部、巴拉圭北部和巴西西部(4).1962 年至 1964 年期间，玻利维亚报告了 1000 多例疫情，同时?Calomys（晚祷鼠）啮齿动物种群增加，死亡率为 18%。1971 年在玻利维亚的科恰班巴观察到了另一次完全基于医院传播的疫情(5).3 月至 6 月的收获季节发病率最高,玻利维亚?（18），?美国?（2），未知?（7）,GCF_000853725.1,https://www.ncbi.nlm.nih.gov/datasets/genome/GCF_000853725.1/,41.3 ~ 44.3,10.6 kb,,,,,监测症状。对于有血管损伤证据的严重发热病例，应怀疑病毒性出血和 Machupo 感染。可通过血清学检查（即?ELISA）、PCR?和确定性病毒分离技术来确诊,Candid #1?,动物保护研究表明，用于胡宁病毒的减毒活疫苗 Candid #1 也可以有效对抗马丘波病毒(13).Candid #1 已在人类志愿者身上进行了测试，并已在美国通过了安全性和免疫原性测试。在两个流行季节，阿根廷的 6500 名农业工人接受了这种治疗，发现其疗效约为 84% 或更高，没有严重的副作用。,有,利巴韦林,,病毒可以通过在 56 °C 下加热、pH 值低于 5.5 或高于 8.5 以及紫外线和伽马射线照射来灭活,,,,,
肠道病毒70型,肠道病毒70型,12090,EV70;急性出血性结膜炎;AHC 病毒;阿波罗 11 号病;EO-70 系列,Viruses,,Viruses;?Riboviria;?Orthornavirae;?Pisuviricota;?Pisoniviricetes;?Picornavirales;?Picornaviridae;?Ensavirinae;?Enterovirus;?Enterovirus D,,,肠道病毒 70 是一种小的（直径 ~ 30 nm）、无包膜的病毒，具有单链正义 RNA 基因组 （~7.4 kb），包裹在二十面体衣壳内。它属于小核糖核酸病毒科肠道病毒属的人类肠道病毒 D 物种脚注1脚注3.它在 36°C 下以最佳方式复制,,人类,直接或间接接触（通过受感染的手和污染物将病毒引入眼睛）眼睛分泌物,,,高,急性出血性结膜炎；永久性脊髓灰质炎样麻痹,None,,,,24 至 48 小时,?肠道病毒 70 型引起急性出血性结膜炎.该病的症状包括眼痛、畏光、眼睑肿胀和结膜不同程度的发红（从结膜下瘀点到出血）.疾病可在 10 天内消退。在某些情况下，可能会出现短暂的角膜受累脚注3.急性出血性结膜炎也可引起非眼科症状，例如神经功能障碍、呼吸和胃肠道紊乱.此外，据报道，肠道病毒感染者会出现永久性脊髓灰质炎样麻痹?,,1969 年在非洲发生了急性出血性结膜炎的第一次大流行，影响了数亿人.从那时起，该病毒一直与主要在热带地区爆发的大规模疫情有关,,GCA_031102585.1,https://www.ncbi.nlm.nih.gov/datasets/genome/GCA_031102585.1/,42.5,7.4 kb,,,,,诊断基于使用 RT-PCR、实时 RT-PCR 和基于核酸序列的扩增 （NASBA） 等分子生物学方法在临床标本中检测 EV 70 病毒。从急性出血性结膜炎患者中分离 EV70 病毒非常困难,无,无,有,Pleconaril,,肠道病毒可以通过极热 （>56°C）、紫外线和干燥来灭活,,,,,
柯萨奇病毒A24型变种,Coxsackievirus A24,12089,柯萨奇病毒 A 组（ 24）,病毒,,Viruses;?Riboviria;?Orthornavirae;?Pisuviricota;?Pisoniviricetes;?Picornavirales;?Picornaviridae;?Ensavirinae;?Enterovirus;?Enterovirus C;?Coxsackievirus A24,3,BSL-2,,,?人、猴、老鼠,感染通过接触感染性分泌物或排泄物，以及随后的口、鼻或眼自体接种而发生.摄入受污染的水可能会导致感染.某些变体可能通过受污染的呼吸道分泌物进行鼻内和气溶胶传播.一旦进入体内，柯萨奇病毒就会在淋巴组织中复制，然后在血液中传播,幼儿更容易受到感染。例如，婴儿病毒性脑膜炎的发病率是成人的 5-8 倍,?人与人之间的传播可以很容易地通过口腔、眼部、呼吸或粪口途径发生,高,?急性出血性结膜炎（A24）,没有,无,无,结膜,无,,柯萨奇病毒分布于世界各地，感染在夏季和秋季占主导地位，全年都有零星病例,无,无,GCA_031102575.1；GCA_003108505.1；GCA_008797795.1,https://www.ncbi.nlm.nih.gov/datasets/genome/?taxon=12089,45,7.5 KB,,,,,监测症状;通过血清学检查、病毒分离或从病变或鼻咽和粪便标本中进行 PCR 来确认,无,无,无,无,,对 UV 介导的失活敏感.干燥条件会降低病毒滴度，病毒滴度的程度取决于表面的孔隙率和外来有机物的存在.大多数在 42 °C 下很容易灭活，但在硫固化还原剂和镁阳离子存在下稳定性和耐热性会提高,,,,,
柯萨奇病毒A16型 (Cox A16),Coxsackievirus A16,,Coxsackievirus Group A (16),病毒,,Viruses;?Riboviria;?Orthornavirae;?Pisuviricota;?Pisoniviricetes;?Picornavirales;?Picornaviridae;?Ensavirinae;?Enterovirus;?Enterovirus A,3,BSL-2,,,?人、猴、老鼠,感染通过接触感染性分泌物或排泄物，以及随后的口、鼻或眼自体接种而发生.摄入受污染的水可能会导致感染.某些变体可能通过受污染的呼吸道分泌物进行鼻内和气溶胶传播.一旦进入体内，柯萨奇病毒就会在淋巴组织中复制，然后在血液中传播,幼儿更容易受到感染。例如，婴儿病毒性脑膜炎的发病率是成人的 5-8 倍,?人与人之间的传播可以很容易地通过口腔、眼部、呼吸或粪口途径发生,高,手足口病（A10， A16）,没有,无,无,口腔和四肢,无,以口腔和四肢发热和水疱为特征，喉咙痛，发热和厌食.,柯萨奇病毒分布于世界各地，感染在夏季和秋季占主导地位，全年都有零星病例,无,无,GCA_031106005.1,https://www.ncbi.nlm.nih.gov/datasets/genome/GCA_031106005.1/,47,7.4 kb,,,,,监测症状;通过血清学检查、病毒分离或从病变或鼻咽和粪便标本中进行 PCR 来确认,无,无,无,无,,对 UV 介导的失活敏感.干燥条件会降低病毒滴度，病毒滴度的程度取决于表面的孔隙率和外来有机物的存在.大多数在 42 °C 下很容易灭活，但在硫固化还原剂和镁阳离子存在下稳定性和耐热性会提高,,,,,
肠道病毒71型 (EV 71),肠道病毒71型 (EV 71),39054?,,病毒,,Viruses;?Riboviria;?Orthornavirae;?Pisuviricota;?Pisoniviricetes;?Picornavirales;?Picornaviridae;?Ensavirinae;?Enterovirus;?Enterovirus A,,,,,,,,,,EV-A71 感染可能导致并发症脑炎，无菌性脑膜炎，急性弛缓性麻痹，肺水肿，出血，心肌炎,,,,,,,,,,GCA_008766895.1,https://www.ncbi.nlm.nih.gov/datasets/genome/GCA_008766895.1/,47.5,7.4 kb,,,,,,,,,,,,,,,,
鼠疫耶尔森菌,Yersinia pestis,632,"鼠疫杆菌, Bacterium pestis, Bacillus pestis, Pasteurella pestis, Pestisella pestis, Yersinia pseudotuberculosis subsp. pestis",细菌,革兰氏阴性菌,    cellular organisms; Bacteria; Pseudomonadota; Gammaproteobacteria; Enterobacterales; Yersiniaceae; Yersinia; Yersinia pseudotuberculosis complex,II,BSL-3,细菌形态为卵圆形短粗杆菌，菌体两段浓染，有荚膜、无芽孢、无鞭毛。,https://www.ncbi.nlm.nih.gov/Taxonomy/taxi/images/4605,兼性厌氧,28~30℃,6.9~7.1,人、家畜（如狗、猫等）、野生啮齿动物（如老鼠、沙鼠等）为储存宿主，鼠蚤为主要传播媒介,"媒介生物：跳蚤叮咬；
直接接触：捕猎、宰杀、剥皮及食肉等方式直接接触染疫动物；破损皮肤接触含菌的痰、脓或动物的皮、血、肉及疫蚤粪便等；
间接接触：肺鼠疫细菌微粒及气溶胶，经呼吸道飞沫传播。","人群普遍易感, 预防接种可使易感性降低。可有隐性感染, 并成为无症状的带菌者。患过鼠疫病愈者可获得持久性免疫力，很少再次感染。",高传染性,高致病性,肺鼠疫、败血性鼠疫、腺鼠疫,是,中国法定甲类传染病,肺鼠疫和败血性鼠疫（两者死亡率均几乎为100%）、腺鼠疫（死亡率约为50-60%）,肺（UBERON: 0002048）、血液（UBERON: 0000178）、淋巴结（UBERON: 0000029）,2~6天,鼠蚤叮咬处的局部淋巴结(以腹股沟、腋下、颈部等多见)肿大为腺鼠疫的主要特点。肺鼠疫根据感染途径不同可分为原发性和继发性2类。原发性肺鼠疫经呼吸道感染，初期干咳，逐渐加重成痰中带血或咯血;继发性肺鼠疫由腺鼠疫或败血症型鼠疫感染传播至肺部所致，常表现为病势突然加剧，患者临终前全身皮肤由紫变黑，故亦称黑死病。败血症型鼠疫继发于腺鼠疫、肺鼠疫，细菌经由血液感染全身引起败血症，死亡率高。鼠疫病后能获得牢固的免疫力，再感染罕见。,夏季和秋季,广泛分布于世界各地，尤其是亚洲、非洲和欧洲的农村和牧区，城市地区偶有发生。在我国多地分布，包括高原/草原牧区、山地林区等。,鼠疫耶尔森菌在历史上引发了三次严重的大流行疾病。第一次是在6世纪，被称为查士丁尼瘟疫，迅速蔓延至整个地中海地区。第二次更为严重，发生在14世纪，造成欧洲近三分之一人口死亡，被称为黑死病。第三次大流行则始于19世纪，主要影响了亚洲、非洲和美洲的国家，其中中国、印度和越南的受影响尤为严重。,GCF_000222975.1,https://www.ncbi.nlm.nih.gov/datasets/genome/GCF_000222975.1/,40.2~48.3,4.6~5.2Mb,AF366383,神经酰胺酶,"Ail（attachment invasion locus）[2,3]","ATP-binding cassette (ABC) antibiotic efflux pump,Major facilitator superfamily (MFS) antibiotic efflux pump,MarR,Determinant of antibiotic resistance,Beta-lactamase,Class B (metallo-) beta-lactamase,AcrD,AcrB,AcrF,EmrB","Flagella,O-antigen,T6ss-a,Direct heme uptake system,Ttss (chromosomally encoded),Hasa-type hemophore-mediated heme uptake system,Myf/ph6 antigen,Pla,Shla-shlb,Rcsab","pCD1: 68~75kb, 编码叶尔森菌III型分泌系统的组分[4-6]；
pMT1: 50~120kb, 编码鼠毒素（Ymt）和F1抗原（F1）[4,7]。这两种蛋白质利于细菌利用跳蚤作为传播媒介并引起疾病[7-8];
pCP1: 10kb, 编码纤溶酶原激活剂，是一种表面蛋白酶，可激活哺乳动物纤溶酶原并降解补体，对于细菌在黑死病模型中的传播非常重要[4,7,9]。
","抗原检测：血常规检查；
分离检测：取血、脓、痰、脑脊液、淋巴结穿刺液等材料，进行分离鉴定；
血清学检测：免疫荧光分析（IFA）、间接血凝试验（IHA）、放射免疫沉淀试验（RIP）、葡萄球菌A蛋白的血凝改进方法（SPA-IHA）；
核酸检测：聚合酶链式反应(PCR)",有,"高危人群可使用EV无毒株活菌苗进行免疫接种；
mRNA疫苗：SP-cp-caf1 mRNA-LNP[10]",有,"链酶素、四环素、氯霉素、环丙沙星、左氧氟沙星、庆大霉素（链霉素的可接受替代品）。
用于治疗的抗菌药物极少有耐药菌株报道。",鼠疫耶尔森的抗原结构复杂，至少有18种抗原，其中比较重要的有F1、V/W、外膜蛋白、鼠毒素等。F1（fraction 1）抗原是鼠疫菌的荚膜抗原，由质粒pMT1编码，具有抗吞噬的作用，是该菌重要的毒力成分。V抗原存在于细胞质中，为可溶性蛋白；W抗原位于菌体表面，是一种脂蛋白。V/W抗原由质粒pCD1编码，具有抗吞噬、形成局部肉芽肿以及促细菌在细胞内存活等作用。,"[1] 32835180
[2] 20498264
[3] 24386237
[4] 16988099
[5] 10930402
[6] 18299249
[7] 19606935
[8] 11976454
[9] 27377187
[10] 36888708"
苍白（梅毒）螺旋体,Treponema pallidum,160,Microspironema pallidum；Spirochaeta pallida；Spironema pallidum；Spirillum pallidum,细菌,革兰氏阴性菌,"
K_ Bacteria | P_ Spirochaetes | C_ Spirochaetia | O_ Spirochaetales | F_ Treponemataceae | G_ Treponema | S_ Treponema pallidum",3,BSL-2,一种螺旋盘绕的微生物，通常长6-15微米，宽0.1-0.2微米。有细胞质和外膜。使用暗视野显微镜观测。,https://www.zgbk.com/ecph/words?SiteID=1&ID=245160&Type=bkzyb&SubID=154009,厌氧菌,,,人,95%以上是通过危险的或无保护的性行为传染，少数通过亲吻、输血、污染的衣物等传染,,高传染性,低致病性,"一期梅毒：硬下疳(Hard Chancre，Ulcus Durum）；二期梅毒在发疹前可有流感样综合征（头痛，低热，四肢酸困）
二期梅毒的皮肤损害可分为斑疹、丘疹及脓疱疹，后者已少见。三期梅毒皮肤粘膜损害占晚期良性梅毒发生率的28.4%，多数在感染后3-10年内发生。临床上可分结节性梅毒疹、树胶肿、近关节结节。三期梅毒会造成主动脉疾病和神经梅毒脚注。神经梅毒可以表现为急性梅毒性脑膜炎、脑膜血管性梅毒或麻痹或tabes doraslis",否,中国法定乙类类传染病,低,"皮肤、骨骼、心脏、眼睛、神经
",通常在21天左右，10天到90天不等,"一期梅毒：硬下疳(Hard Chancre，Ulcus Durum）；二期梅毒在发疹前可有流感样综合征（头痛，低热，四肢酸困）
二期梅毒的皮肤损害可分为斑疹、丘疹及脓疱疹，后者已少见。三期梅毒皮肤粘膜损害占晚期良性梅毒发生率的28.4%，多数在感染后3-10年内发生。临床上可分结节性梅毒疹、树胶肿、近关节结节。三期梅毒会造成主动脉疾病和神经梅毒脚注。神经梅毒可以表现为急性梅毒性脑膜炎、脑膜血管性梅毒或麻痹或tabes doraslis",无,梅毒在全世界流行，据WHO估计，全球每年约有1200万新发病例，主要集中在南亚、东南亚和次撒哈拉非洲,no,GCF_000246755.1?,https://www.ncbi.nlm.nih.gov/assembly/GCF_000246755.1,52.2 ~ 53.0,1.14Mb,no,LamR,no,tetB,"12 proteins related to the Msp protein of Treponema denticola, a number of putative hemolysins, as well as several other classes of proteins of interest",,"一、检查螺旋体
采取初期及二期梅毒硬性下疳、梅毒疹的渗出物等，用暗视野或墨汁显影，如查见有运动活泼的密螺旋体即可诊断。
二、血清学检查
1、非螺旋体抗原试验：是用正常牛心肌的心类脂（Cardiolipin）作为抗原，检测病人血清中的反应素。
2、螺旋体抗原试验：抗原为梅毒旋体，以检测血清中的特异性抗体，该试验特异性高，目前常用下述两种方法。⑴荧光密螺旋体抗体吸收试验（FTA-ABS） ⑵梅毒螺旋体制运试验（TPI）",无,no,有,青霉素、β-内酰胺抗生素或大环内酯,,[1] 32238570 [2] 9862125
鼻疽伯克霍尔德菌,Burkholderia mallei,13373,类鼻疽芽孢杆菌、类鼻疽放线杆菌 、类鼻疽费氏菌、类鼻疽真菌、类鼻疽罗氏菌、类鼻疽不动杆菌、类鼻疽假单胞菌、类鼻疽棒状杆菌 、类鼻疽分枝杆菌,细菌,革兰氏阴性,"Bacteria,Pseudomonadota,Betaproteobacteria,Burkholderiales,Burkholderiaceae,Burkholderia",II,BSL-3,长约1.5-3.0μm，直径约0.5-1.0μm，末端呈圆形的球菌,,需氧细菌,37°C,,只存在于哺乳动物中,间接接触,与受感染的马、驴、骡直接接触，尤其是处理这些动物的体液、分泌物或组织时，风险增加。,低传染性,高致病性,囊性鼻疽,是,,对未经治疗的败血症感染的病死率为95%，对接受抗生素治疗的个体的病死率则为50%,皮肤、肺部或肌肉、肝脏和脾脏,,可导致多种疾病表现，分为隐匿性感染、局部脓肿、肺炎和播散性疾病。类鼻疽是流行区社区获得性感染的重要病因，表现为高热、寒战、咳嗽、胸痛、呼吸急促等，病情迁延也可导致慢性肺炎。皮肤化脓性感染表现为皮肤破损处结节形成，引流区淋巴结肿大和淋巴结炎，常伴发热和全身不适。类鼻疽严重者可形成播散性疾病，发展为全身脓毒症，常迅速出现多器官累及所引起的表现。,,主要见于热带地区，流行于东南亚和澳洲北部地区。,,GCF_002346025.1,https://www.ncbi.nlm.nih.gov/datasets/genome/GCF_002346025.1/,68.5,3.5 Mb,NR_041725.1,,,"Subclass B1(metallo-) beta-lactamaseMultidrug and toxic compound extrusion (MATE) transporter,MexH,MdtMM,Major facilitator superfamily (MFS) antibiotic efflux pump,Determinant of antibiotic resistance,Class A beta-lactamase,Catl,Burkholderia dolosa gyrA conferring resistance to fluoroquinolonesATP-binding cassette (ABC) antibiotic efflux pump,AmrB,ACrF,ACrB","BimA（Burkholderia 细胞内运动蛋白 A）
BoaA（Burkholderia 寡聚螺旋卷曲粘附蛋白 A）
BoaB（Burkholderia 寡聚螺旋卷曲粘附蛋白 B）
Bsa T3SS（Burkholderia 类三分泌系统）
Quorum-sensing（群体感应）
T6SS-1（第六型分泌系统-1）",,根据流行病学资料，有疫区接触史的患者出现不明原因的发热或化脓性疾病时应考虑该病。渗出物、脓液等做涂片镜检、微生物学培养和血清学检查是主要的诊断方法。,无,无,有,类鼻疽伯克霍尔德菌对部分青霉素类和头孢菌素类药物敏感。治疗分为两个阶段。①使用头孢他啶或碳青烯类抗生素，进行两周抗生素强化治疗。②至少12周口服甲氧苄啶-磺胺异甲噁唑(TMP-SMX)以清除病原体，预防复发。,,
伯氏考克斯氏体,Coxiella burnetii,777,贝氏立克次体,细菌,革兰氏阴性细菌,cellular organisms;?Bacteria;?Pseudomonadota;?Gammaproteobacteria;?Legionellales;?Coxiellaceae;?Coxiella,II,BSL-3,革兰氏染色多为阴性，呈高度多形性，球状或短杆状，大小为(0.2~0.4)微米x(0.4~1.0)微米,,专性好氧菌,32°C 到 37°C,4.5 到 5.5,人类和许多不同的野生和家畜，包括牛、绵羊、山羊、猫和狗,"1. 直接接触：通过直接接触受污染的物质感染。
2. 间接接触：吸入受到污染的气溶胶。",,低传染性,中致病性,Q热,是,,,,如果通过呼吸途径获得，则为13-28天。意外接种病原体的人可能在24-48小时内出现症状,急性Q热：急性Q热的临床表现差异很大。急性Q热最常见的表现是自限性流感样疾病、非典型肺炎和肝炎。最常见的表现之一是急性、自限性发热性疾病，其特征是严重头痛（51%）、咳嗽（34%）、肌痛（37%）、关节痛（27%）、心包炎（1%）、发冷、虚弱、不适、严重出汗，很少出现皮疹。肺炎：吸入气溶胶引起的肺炎是加拿大、瑞士、英国和西班牙感染的主要表现；肝炎：肝炎是法国、澳大利亚和西班牙南部急性Q热的常见表现。急性Q热的其他罕见表现包括脑膜炎等神经系统症状、心肌炎等心脏症状、急性非结石性胆囊炎和孤立性淋巴结炎。慢性Q热：在免疫功能低下的个体中，由于免疫反应无法控制感染，可能会出现慢性感染（持续时间超过6个月）,,除了南极与新西兰，考克斯氏体广泛分布于世界各地。,"Q热首次于1935年在澳大利亚布里斯班的屠宰场工人中爆发，目前在许多国家，包括法国、英国、荷兰、意大利、西班牙、德国、以色列、希腊和加拿大，仍然是一个公共卫生问题，并在全球范围内流行。除新西兰外，几乎所有国家都曾报告过Q热的爆发。1999年至2004年间，12个国家报告了18次疫情，涉及2至289人。迄今为止，最大的疫情发生在荷兰，2007年至2009年间报告了3523例。大多数疫情涉及接触受感染的宠物、野生或家畜，尤其是产仔的猫。屠宰场、牲畜市场、肉类加工厂和医学实验室中也常见疫情，屠宰工人、农民、兽医、皮革处理工和屠夫是高风险人群。






",GCF_000007765.2,https://www.ncbi.nlm.nih.gov/datasets/genome/GCF_000007765.2/,42.5,2 Mb,NR_104916.1,,,"ATP-binding cassette (ABC) antibiotic efflux pump,Major facilitator superfamily (MFS) antibiotic efflux pump,Resistance-nodulation-cell division (RND) antibiotic efflux pump,Determinant of antibiotic resistance,Beta-lactamase,Class B (metallo-) beta-lactamase,EmrB,Class A beta-lactamase,MexI,AcrB","Dot/icm t4ss,T4ss secreted effectors",,Q热的诊断可以通过以下几种方法进行：首先，观察临床症状；其次，对于Q热心内膜炎，可以通过免疫荧光、电子显微镜或免疫组织化学直接检测心瓣膜组织中的抗原；第三，利用血清学检测，如微量凝集试验、酶联免疫吸附试验（ELISA）、补体结合试验（CF）或间接免疫荧光抗体（IFA）试验，检测针对C. burnetii 抗原的高滴度抗体；第四，使用针对IS1111的PCR诊断方法；最后，可以通过壳小瓶离心技术在HEL细胞中分离细菌。接种后的HEL细胞单层在37°C和5% CO2的条件下培养5-7天，随后可以通过Gimenez染色或使用多克隆/单克隆抗C. burnetii抗体的间接免疫荧光显微镜识别细菌。,有,Q-Vax,有,治疗可使用四环素与氯霉素等抗生素,,
类鼻疽伯克霍尔德菌,Burkholderia pseudomallei,28450,类鼻疽假单胞菌，类鼻疽芽孢杆菌，类鼻疽真菌，类鼻疽罗氏菌,细菌,革兰氏阴性,cellular organisms; Bacteria; Pseudomonadota; Betaproteobacteria; Burkholderiales; Burkholderiaceae; Burkholderia; pseudomallei group,II,BSL-3,鼻疽伯克氏菌长2-5μm，直径0.4-0.8μm，能够利用鞭毛自我推进。,,需氧,,,人类、哺乳动物、灵长类动物、鸟类、啮齿动物,"1. 直接接触：通过伤口感染受污染的土壤或水。
2. 间接接触：吸入或摄入受污染的土壤或水。
4. 人际传播：极为罕见。",,低传染性,高致病性,类鼻疽或惠特莫尔病,是,,即使接受治疗，死亡率也为20-50%,血液、中枢神经系统、消化系统、呼吸系统,9天（范围为1-21天）,发热、肌痛、乏力、咳嗽、呼吸急促。某些病例可能表现为败血症和（或）肺炎,,它是一种生活在土壤中的细菌，在全球热带和亚热带地区流行，特别是在泰国和澳大利亚北部,,GCF_000756125.1,https://www.ncbi.nlm.nih.gov/datasets/genome/GCF_000756125.1/,68.5,4 Mb,NR_043553.1,,,"ATP-binding cassette (ABC) antibiotic efflux pump,Major facilitator superfamily (MFS) antibiotic efflux pump,Resistance-nodulation-cell division (RND) antibiotic efflux pump,Determinant of antibiotic resistance,Beta-lactamase,Class B (metallo-) beta-lactamase,AcrD,Multidrug and toxic compound extrusion (MATE) transporter,AcrB,EmrB","Quorum-sensing,Capsule i,Flagella,Gsp,Type iv pili,T6ss,Tts1,T6ss-1,Tts2,Cdpa",,"1. 分子检测：聚合酶链式反应(PCR)，但不能常规用于临床诊断。
2. 荧光原位杂交：尚未得到临床验证，未投入商业使用。
3. 免疫荧光检测：少数中心使用快速免疫荧光技术。
4. 血清学检测：在泰国广泛使用乳胶凝集试验。",无,,有,首选抗生素是头孢他啶。虽然各种抗生素在体外具有活性（如氯霉素、多西环素、复方三恶唑），但已被证明在治疗急性类鼻疽方面在体内效果较差。该生物体对庆大霉素和粘菌素具有内在抗性，这一事实有助于鉴定该生物体。卡那霉素在实验室中用于杀死拟鼻疽杆菌，但使用的浓度远高于人类可达到的浓度。,,
牛分枝杆菌,Mycobacterium tuberculosis variant bovis,1765,牛型结核分枝杆菌变种,细菌,革兰氏阳性、抗酸性、兼性胞内寄生菌,细菌域；放线菌门；放线菌纲；分枝杆菌目；分枝杆菌科；分枝杆菌属；牛分枝杆菌,II,BSL-3,弯曲或直杆状，有时形成丝状；革兰氏阳性，抗酸染色阳性,,需氧性,最适37-38°C，不在25°C下生长,,人类、牛、鹿、猪、家猫、野生食肉动物（如狐狸）、负鼠等,1. 直接接触：接触感染动物或其排泄物。2. 间接接触：食用未经巴氏杀菌的生奶或未煮熟的肉类,"接触感染动物或消费未经过处理的乳制品者更易感染	",低传染性,高致病性,牛结核病，感染人类后会导致类似结核的症状,是,,因感染方式和宿主不同而异；在人类中未经治疗的肺部感染可能致死,肺、淋巴结、其他器官和组织,可变，可能为数周至数月,,无明显季节性,全球范围内均有分布，尤其在发展中国家较为常见,在多个国家的农场动物和野生动物中有记录,GCF_005156105.1,https://www.ncbi.nlm.nih.gov/datasets/genome/GCF_005156105.1/,65.5,4.4 Mb,NR_114677.1,,,,,,血清学检测：重组蛋白和肽的检测,有,减毒活疫苗，卡介苗,有,抗生素治疗：异烟肼和利福平9个月,,
山羊无形体,Anaplasma capra,1562740,,细菌,双链DNA病毒,Bacteria; Proteobacteria; Alphaproteobacteria; Rickettsiales; Anaplasmataceae; Anaplasma,II,BSL-3,革兰氏阴性、细胞内寄生的细菌,,兼性厌氧,37°C,,家畜（如山羊、绵羊和牛），野生动物（如鹿、野猪）,"媒介生物：蜱虫；
",具有蜱虫叮咬历史,低传染性,中致病性,无形体病,是,,,红细胞,,引起发烧、头痛、不适、头晕、胃肠道症状、皮疹,夏季,中国、法国、日本、韩国、意大利,,GCF_025628805.1,https://www.ncbi.nlm.nih.gov/datasets/genome/GCF_025628805.1/,"48.5	",1.1 Mb,ON763217.1,,,,,,抗原检测：血清学检测（ELISA）核酸检测：PCR,,,,,,
嗜吞噬细胞无形体,Anaplasma phagocytophilum,948,人粒细胞埃立克体，马氏埃立克体，牛细胞菌，卵形嗜吞噬细胞立克次体，人粒细胞埃立克体，HGE，嗜吞噬细胞埃立克体 ,细菌,革兰氏阴性,"Bacteria, Pseudomonadota, Alphaproteobacteria, Rickettsiales, Anaplasmataceae, Anaplasma",II,BSL-2,"嗜中性粒细胞的倾斜细胞内革兰氏阴性细菌,大小约为0.2-1.0μm，缺乏脂多糖生物合成机制。",,兼性厌氧,37°C,6.5 - 7.5,人类、哺乳动物、节肢动物，特别是黑腿蜱（肩胛硬蜱和太平洋硬蜱）为主要传播媒介,媒介生物：蜱媒传播,患有合并症、老年人、免疫功能低下或治疗延迟的患者患更严重疾病的风险更大，在极少数情况下甚至死亡。,无传染性,中致病性,无浆体病、人类粒细胞无浆体症（HGA）、蜱传热、牧场热,是的，通常是通过（黑腿）蜱叮咬。,,,这种疾病是多系统的，但最严重的变化是贫血和白细胞减少。,5-21天,感染的临床证据包括发烧和以下至少一种情况：头痛、不适/乏力、关节痛/肌痛、轻度贫血、血小板减少症、白细胞减少症、肝转氨酶浓度升高或未成熟中性粒细胞数量增加。,虽然蜱传播疾病的病例可能发生在一年中的任何一个月，但大多数病例发生在蜱最活跃的时候，即春季、夏季和秋季。,与黑腿蜱的分布一致,,GCF_000439775.1,https://www.ncbi.nlm.nih.gov/datasets/genome/GCF_000439775.1/,41.5,1.5 Mb,NR_044762.1,"粘附蛋白 Asp14 的C末端与一个未知的受体结合。但是，通过酵母双杂交分析，发现了 蛋白质二硫键异构酶 (Protein Disulfide Isomerase, PDI) 作为 Asp14 的结合伙伴。这表明PDI可能是或者参与了该受体的功能。","Asp14,Msp2","Major facilitator superfamily (MFS) antibiotic efflux pump,Determinant of antibiotic resistance,Class B(metallo-)beta-lactamase,Beta-lactamase,ATP-binding cassette (ABC) antibiotic efflux pump,ANT(3"")-a,ACrF,AcrD,ACrB,AadA","Asp14, Rvh t4ss, P44/msp2 family, Rvh t4ss secreted effectors",,"体外细胞培养：分离到嗜吞噬细胞无形体
血涂片检查：在中性粒细胞内发现特征性包涵体为最快速诊断方法
辅助诊断：根据近期旅游史、蜱接触史、临床表现和血清学检查",,,有,所有怀疑为本病且有症状者，都应使用抗生素治疗。多西环素是首选药物，利福平可有效。预防包括避免蜱叮咬，发现蜱叮咬后尽快去除蜱，加强对媒介与宿主动物的控制,,
土拉弗朗西斯氏菌,Francisella tularensis,263,土拉杆菌，土拉霉菌,细菌,革兰氏阴性球杆菌,Bacteria; Pseudomonadota; Gammaproteobacteria; Thiotrichales; Francisellaceae; Francisella; Francisella tularensis,高致病性,BSL-3,小杆状，直径约0.2 x 0.2 μm，革兰氏阴性,,需氧性,最适35-37°C,6.5-7.5,人类、啮齿动物、兔子、鸟类、蜱等,1. 直接接触：接触感染动物或动物尸体。2. 媒介生物：蜱、蚊子、鹿蝇和马蝇叮咬。,接触感染动物或蜱叮咬者更易感染,无传染性,高致病性,"兔热病，割草机病, 土拉菌病, 斑虻热病",是,,因感染方式不同而异，未经治疗的呼吸性土拉热可能致死,皮肤、呼吸道、口腔、眼结膜,3-5天,,无特定季节限制，但夏季户外活动增加感染风险,多发生在北半球国家，流行于北纬30°~71°地区，中国青海、新疆、西藏、黑龙江等省(自治区)曾有病例报道,在美国、俄罗斯、日本等地曾多次爆发,GCF_000833355.1,https://www.ncbi.nlm.nih.gov/datasets/genome/GCF_000833355.1/,32.5,1.9 Mb,NR_029362.1,,,"ATP-binding cassette (ABC) antibiotic efflux pump,Major facilitator superfamily (MFS) antibiotic efflux pump,MarR,Determinant of antibiotic resistance,Beta-lactamase,Class B (metallo-) beta-lactamase,AcrB,AcrF,AcrD,Class A beta-lactamase",IglC蛋白、VI型分泌系统、IV型菌毛,,核酸检测：聚合酶链式反应(PCR)。血清学检测：间接荧光抗体检测（IFA），乳胶凝集试验。,有,Live Vaccine Strain (LVS)疫苗已被证明可以在实验室环境中提供保护，但由于对其安全性和在不同人群中的有效性的担忧，它并没有被普遍许可用于更广泛的用途。,有,抗生素治疗：氨基糖苷类、四环素类、氟喹诺酮类,,
皮炎芽生菌,Blastomyces dermatitidis,5039,"吉尔克里斯特芽生菌，Blastomycoides dermatitidis, Ajellomyces dermatitidis",真菌,双相真菌（菌丝相和酵母相）,cellular organisms; Eukaryota; Opisthokonta; Fungi; Dikarya; Ascomycota; saccharomyceta; Pezizomycotina; leotiomyceta; Eurotiomycetes; Eurotiomycetidae; Onygenales; Ajellomycetaceae; Blastomyces,II,BSL-3,"小分生孢子呈椭圆形或梨形，直径2至10微米，不产生大分生孢子。酵母细胞以大出芽形式为特征，体积大，圆形，细胞壁厚，直径5至15微米。[1,2]",https://www.wikidata.org/wiki/Q3012311#/media/File:Blastomycosis_cropped.JPG,高含氮量和高有机物含量的潮湿的酸性土壤,"菌丝相：25℃下普通真菌培养基
酵母相：37℃需氧条件下营养丰富的培养基如BHI琼脂、BHIB琼脂、Pine培养基或Kelly琼脂",人、犬科动物、猫、马、老虎、雪豹、狮子、海狮等,间接接触：孢子吸入,芽生菌病常发生于户外职业者和旅游爱好者，多见于成人，男性发病多于女性。细胞介导的免疫缺陷患者易感。,无传染性,低致病性,芽生菌病（吉尔克里斯特病）,否,无,低。免疫功能较弱患者疾病程度及死亡率高于普通患者。,肺（UBERON: 0002048）、皮肤（UBERON: 0002097）,4~6周,临床表现可从轻度慢性咳嗽到急性呼吸窘迫综合征样症状[3]. 在未治疗的情况下，可由短暂的肺部感染转变为慢性肺部感染[4]。皮损可为结节性、疣状或溃疡性，通常炎症轻微，但可迅速发展为浅表溃疡，伴有肉芽肿性基底，通常位于面部周围和四肢远端[5]. 脓肿通常位于皮下，但可累及任何器官。当细胞免疫受损时，更可能发生严重的肺部和播散性疾病[6].,无季节规律,主要分布于北美和非洲。在美国中西部、东南部和中南部俄亥俄河和密西西比河沿岸流行。在五大湖、加拿大地盾的湖泊和圣劳伦斯海道附近的土壤中也很普遍。,"芽生菌病可能是流行性的或散发性的，在英国、美国、加拿大、中欧、非洲、西伯利亚、沙特阿拉伯、以色列和印度都有报道。流行地区的年发病率为每 100,000 人 0.62 例，每年每百万人中有3至6例需要住院治疗的芽生菌病病例。",GCF_000003525.1;,https://www.ncbi.nlm.nih.gov/assembly/GCF_000003525.1,36.5 ~ 38.2,61~75Mb,,,,"BAD1 (Blastomyces adhesin-1; formerly WI-1)；DPPIVA (dipeptidyl-peptidase)；Cysteine synthase；CDG (cysteine dioxygenase)；SSU1；PRA1, ZRT1, ZRT2；NIC1；DRK1；RYP1-4 (Required for yeast phase 1-4) [7]",,SLH14081(GenBank: ACBU01000000),ER-3(GenBank: ACBT01000000),"显微镜检查：取痰、脓液、骨髓、血、脑脊液、胸腔积液、尿、活检或尸体组织标本进行钙荧光白或KOH湿片镜检及革兰染色观察；
抗原检测：基于双抗体夹心酶联免疫法用酶标板条进行血液抗原和尿抗原检测；
核酸检测：针对核糖体基因、ITS区、重复序列及种特异性基因的PCR检测",无,,有,两性霉素B、氟康唑、伊曲康唑、泊沙康唑、伏立康唑、艾沙康唑、阿尼芬净、卡泊芬净,A抗原、WI-1抗原,"[1]  6490843
[2] DOI:10.1128/9781555816728.ch120
[3] 17495283
[4] 20088682
[5] 9786775
[6] 9313296
[7] 29532714"
波萨达斯球孢子菌,Coccidioides posadasii,199306,,真菌,双相真菌（分枝状菌丝和分节孢子）,cellular organisms;?Eukaryota;?Opisthokonta;?Fungi;?Dikarya;?Ascomycota;?saccharomyceta;?Pezizomycotina;?leotiomyceta;?Eurotiomycetes;?Eurotiomycetidae;?Onygenales;?Onygenaceae;?Coccidioides,II,无·,在土壤中，该菌为有隔膜的分枝状菌丝。土壤干燥时，菌丝可发育分节孢子，进而分裂成单个关节孢子在空气中传播,,"Soil in Nevada, Arizona, New Mexico, West Texas, Mexico, and Central and South America",,人类，几乎所有的哺乳动物和一些爬行动物,吸入性关节孢子虫，但可能发生通过污染物和器官移植的继发性传播,普遍易感,无,较高致病性,球孢子菌病,否,无,低,呼吸系统、皮肤、骨骼和中枢神经系统,1-3周,症状通常轻微，且常呈流感样，包括咳嗽、发热、寒战、胸痛，有时会出现呼吸困难。咳嗽可能会产生痰液。偶尔，当肺部感染严重时，肺部可能会形成空间，人们可能会咳出血液。,,主要发现于内华达州、亚利桑那州、新墨西哥州、西德克萨斯州、墨西哥以及中美洲和南美洲。,美国疾病预防控制中心数据显示，每年约万余人感染，1990年-2006年球孢子菌病年均死亡人数约200人，2011年报道病例历史最高有2.26万余人，2017年有1.43万余病例报道。[1]。,GCF_018416015.1,https://www.ncbi.nlm.nih.gov/nuccore/?from_uid=12418021&linkname=assembly_nuccore_refseq,46.5,"	28.2 Mb",,,,,,,,血清学、组织病理学和培养方法,无,,有,对于免疫正常宿主急性肺部感染，由于一般为自限性病程，故无需抗真菌治疗，只需定期随访；而对于慢性肺部感染、播散性感染或免疫低下患者的感染，则首选唑类药物（氟康唑、伊曲康唑）治疗。,无,"[1] 吴吉芹, 朱利平. 球孢子菌病的流行病学,临床表现及诊治进展[J]. 微生物与感染, 2017, 12(1):6.                                                   "
巴西副球孢子菌,Paracoccidioides brasiliensis,121759,,真菌,双相真菌,cellular organisms; Eukaryota; Opisthokonta; Fungi; Dikarya; Ascomycota; saccharomyceta; Pezizomycotina; leotiomyceta; Eurotiomycetes; Eurotiomycetidae; Onygenales; Ajellomycetaceae; Paracoccidioides,II,BSL-3,,https://www.wikidata.org/wiki/Q310186,酸性土壤,在37℃培养为酵母样菌落，在温室培养则为丝球状菌落,人,呼吸道或破损皮肤进入人体,30~50岁男性咖啡工人为高危人群，也发生于包括艾滋病病人在内的免疫受损患者,无,中等致病性,副球孢子菌病、、南美芽生菌病,否,无,低,口腔、鼻黏膜、肺、大肠、小肠等,,发热、盗汗、不适、咳痰、消瘦和咯血等,,主要在南美洲（哥伦比亚、委内瑞拉、巴西等）流行,,"
GCF_000150735.1",https://www.ncbi.nlm.nih.gov/datasets/genome/GCF_000150735.1/,44.5,"	30 Mb",,,,,,,,1.直接显微镜；                                                          2.培养为基础，生化和免疫分析；                                                             3.DNA检测,无,,有,伊曲康唑(ITZ)、氟康唑均可选用。建议使用伊曲康唑6～12个月。必要时可用两性霉素B。, Ag7抗原、43-kDa糖蛋白（gp43）,[1] 29780375                               [2] 31113602 
“美洲”副球虫菌,Paracoccidioides sp. 'americana',2486200,"P. americana (PS2), Paracoccidioides americana",真菌,,cellular organisms; Eukaryota; Opisthokonta; Fungi; Dikarya; Ascomycota; saccharomyceta; Pezizomycotina; leotiomyceta; Eurotiomycetes; Eurotiomycetidae; Onygenales; Ajellomycetaceae; Paracoccidioides; unclassified Paracoccidioides,II,,,,,,,,,,,,,,,皮肤和粘膜、淋巴结和呼吸器官,,,,,,,,,,,,,,,,,1.直接显微镜；                                                          2.培养为基础，生化和免疫分析；                                                             3.DNA检测,无,,有,伊曲康唑(ITZ)、氟康唑均可选用。建议使用伊曲康唑6～12个月。必要时可用两性霉素B。,43-kDa糖蛋白（gp43）,"[1Paracoccidioidomycosis: Current Status and Future Trends.Clin Microbiol Rev
. 2022 Dec 21;35(4):e0023321."
委内瑞拉副球虫菌,Paracoccidioides venezuelensis,,,真菌,,,II,,,,,,,,,,,委内瑞拉副球虫病,,,,皮肤和粘膜、淋巴结和呼吸器官,,,,,,,,,,,,,,,,,1.直接显微镜；                                                          2.培养为基础，生化和免疫分析；                                                             3.DNA检测,无,,有,伊曲康唑(ITZ)、氟康唑均可选用。建议使用伊曲康唑6～12个月。必要时可用两性霉素B。,43-kDa糖蛋白（gp43）,"[1Paracoccidioidomycosis: Current Status and Future Trends.Clin Microbiol Rev
. 2022 Dec 21;35(4):e0023321."
卢氏副球菌,Paracoccidioides lutzii,1048829,,真菌,,cellular organisms; Eukaryota; Opisthokonta; Fungi; Dikarya; Ascomycota; saccharomyceta; Pezizomycotina; leotiomyceta; Eurotiomycetes; Eurotiomycetidae; Onygenales; Ajellomycetaceae; Paracoccidioides,II,,,https://www.ncbi.nlm.nih.gov/Taxonomy/taxi/images/35,,马铃薯葡萄糖琼脂（PDA）培养基，每15天进行一次传代培养,人,,,,,卢氏副球菌病,,,,皮肤和粘膜、淋巴结和呼吸器官,,,,巴西中部和北部地区,,GCF_000150705.2,https://www.ncbi.nlm.nih.gov/nuccore/?from_uid=219741&linkname=assembly_nuccore_refseq,43,"	32.9 Mb",,,,,,,,1.直接显微镜；                                                          2.培养为基础，生化和免疫分析；                                                             3.DNA检测,无,,有,伊曲康唑(ITZ)、氟康唑均可选用。建议使用伊曲康唑6～12个月。必要时可用两性霉素B。,,"[1] Texeira et al. (2013)                                                                                                                                                                                                                                                                                                                                                                                                                                                                                                               [2] Paracoccidioidomycosis: Current Status and Future Trends.Clin Microbiol Rev
. 2022 Dec 21;35(4):e0023321."
溶组织内阿米巴,Entamoeba histolytica,5759,"痢疾阿米巴，Entamoeba histolytica Schaudinn, Amebic dysentery, invasive amebiasis",寄生虫,肠道寄生虫,cellular organisms; Eukaryota; Amoebozoa; Evosea; Archamoebae; Mastigamoebida; Entamoebidae; Entamoeba,生活周期分为包囊和滋养体两期。包囊大小约 10 至 15 μm，圆形，包含四个或更少的细胞核、糖原和核糖体组装体，称为染色体。滋养体直径约10 至 60 μm，具有单个细胞核和中央核小体，胞质内含宿主红细胞。,https://www.ncbi.nlm.nih.gov/Taxonomy/taxi/images/5082,兼性厌氧,囊肿可以在水和土壤中存活数天至数周，也可以在食物中存活。滋养体在人类宿主之外不能很好地生存。,人、非人灵长类动物,包囊,"间接接触：摄入被污染的水和食物、粪口传播
直接接触：性接触",与文化水平低、卫生状况差密切有关,低传染性,中致病性,阿米巴痢疾,否,中国法定乙类传染病,~ 0.02%,肠道 (UBERON: 0000160)、肝 (UBERON: 0002107)、肺 (UBERON: 0002048)、脑 (UBERON: 0000955),数天至数月不等,肝脓肿、结肠炎、脑脓肿、痉挛性腹泻、下腹痛、低热和脓血便,多发于夏秋季节,全球性分布，多见于热带和亚热带地区。在我国呈全国性分布，主要分布在广西、广东、云南等南方地区和黑龙江等东北地区。,"每年约有5亿人感染，导致5000万人患肝脓肿和结肠炎，每年导致约40,000-100,000人死亡 [1-2]",GCF_000208925.1,https://www.ncbi.nlm.nih.gov/datasets/genome/GCF_000208925.1/,23.5 ~ 27.0,19-27Mb,特异性半乳糖/乙酰氨基半乳糖结合凝集素,黏附素、阿米巴穿孔素、可溶解宿主组织的蛋白酶、细胞凋亡蛋白酶-3,"显微镜检查：粪便、脓液样本染色涂片检查
抗原检测：粪便、血清、脓液检测
核酸检测：PCR、实时荧光PCR
血清学检测：间接血凝试验、补体结合实验、乳胶凝集试验、酶免法（EIA）",无,,有,"甲硝唑( metronidazole)为目前治疗阿米巴性痢疾的首选药物。另外替硝唑( tinidazole)、奥硝唑( ornidazole)和塞克硝唑( secnidazole)似有相同作用。对于带包囊者的治疗应选择肠道不吸收的、低副作用的药物,例如巴龙霉素( paromomycin, hematin)或喹碘方(iodoquinofonum)、氯尼特( diloxanide)等。有资料提出甲硝唑或替硝唑等主要用于组织感染但无根治肠腔病原体的作用，故不应用于治疗无症状带包囊者。","[1] 12660071
[2] 18725798",,,,,,,
食蟹猴疟原虫,Plasmodium cynomolgi,5827,猴疟原虫、黑猩猩疟原虫,寄生虫,,cellular organisms; Eukaryota; Sar; Alveolata; Apicomplexa; Aconoidasida; Haemosporida; Plasmodiidae; Plasmodium; Plasmodium (Plasmodium),,https://www.ncbi.nlm.nih.gov/Taxonomy/taxi/images/4223,,,猴子，人,,蚊媒,,低传染性,中致病性,疟疾,是,中国法定乙类传染病,,血液或体液,16 ~ 37天,"headaches, reduced appetite, muscle discomfort, and nausea",雨季,东南亚（菲律宾、印度尼西亚、柬埔寨、新加坡和老挝）,全球大约0-1.4%的人感染了P. cynomolgi,GCA_000321355.1 ,https://www.ncbi.nlm.nih.gov/nuccore/?from_uid=508368&linkname=assembly_nuccore_refseq,40.5,"	26.2 Mb",Duffy binding蛋白（dbp）和网织红细胞结合蛋白（rbp）,,PCR分子检测,,,有,口服氯喹，青蒿琥酯加甲氟喹，阿托伐醌加普罗胍或氯喹加伯氨喹,"[1] 24564912,                                                                                                                                                                                                                                                   [2] 32687020                                                                     [3] Microorganisms. 2024 Aug 7;12(8):1607. ",,,,,,,
猪尾猴疟原虫,Plasmodium inui,52288,猪尾猴疟原虫,寄生虫,,cellular organisms; Eukaryota; Sar; Alveolata; Apicomplexa; Aconoidasida; Haemosporida; Plasmodiidae; Plasmodium; Plasmodium (Plasmodium),,,,,猴子，人,蚊媒,,,低传染性,中致病性,疟疾,是,中国法定乙类传染病,,血液或体液,16 ~ 37天,"headaches, reduced appetite, muscle discomfort, and nausea",雨季,在泰国的人类感染分布广泛,,GCA_000524495.1 ,https://www.ncbi.nlm.nih.gov/nuccore/?from_uid=97071&linkname=assembly_nuccore_refseq,42,"	27.4 Mb",,,物种特异性巣式PCR,无,,有,口服氯喹，青蒿琥酯加甲氟喹，阿托伐醌加普罗胍或氯喹加伯氨喹,[1] 34971372                                                          [2] 6834780                                       ,,,,,,,
杜氏利什曼原虫,Leishmania donovani,5661,,寄生虫,,cellular organisms; Eukaryota; Discoba; Euglenozoa; Kinetoplastea; Metakinetoplastina; Trypanosomatida; Trypanosomatidae; Leishmaniinae; Leishmania; Leishmania; Leishmania donovani species complex,虫体卵圆形，大小为(2.9~5.7)μm×(1.8~4.0)μm，瑞氏染液染色后，细胞质呈淡蓝或深蓝色，内有一个较大的红色或淡紫色圆形核。动基体位于核旁，着色较深，细小杆状，虫体前端从颗粒状基体发出一条根丝体 。,https://www.ncbi.nlm.nih.gov/Taxonomy/taxi/images/5071,,在宿主或培养物外不能存活，但在4°C的全血中存活35天,人类、温血哺乳动物，包括狗、猫和小型啮齿动物,,通过被感染的雌性双翅目白蛉叮咬，实验室、输血、先天性和性传播都是可能的，也有报道称通过家养或野生哺乳动物传播,最贫困群体，而且与营养不良、人口流离失所、住房条件不佳、免疫系统薄弱和缺乏资金有关,低传染性,低致病性,内脏利什曼病或黑热病,是,中国法定丙类传染病,95%,脾、肝、淋巴结,可短于10天或长于1年，但通常为2~4个月,长期不规则发热，脾(95%以上)、肝、淋巴结肿大和全血细胞贫血。,,主要流行于印度及地中海沿岸国家,据估计，全世界每年有5万至9万内脏利什曼病新发病例,GCA_000227135.2 ,https://www.ncbi.nlm.nih.gov/nuccore/?from_uid=405068&linkname=assembly_nuccore_refseq,59.5,32.4 Mb,,,1.骨髓穿刺涂片加上姬氏或瑞氏染色法                           2.皮肤活组织染色镜检                                      3.单克隆抗体-抗原斑点试验,无,,有,葡萄糖酸锑钠，肌内或静脉注射,[1] 33139372                                                                                                                                                                                                                                                                                                                                  [2] 32760679?,,,,,,,
